hemoglobin,wbc_count,glucose_fasting,creatinine,platelets,anemia,diabetes,kidney_dysfunction,infection
15.24,9211.8,81.4,1.73,229113.0,0,0,1,0
13.65,10404.6,80.5,1.0,257088.0,0,0,0,0
15.62,6506.1,40.0,1.29,235196.0,0,0,1,0
17.81,5663.3,84.4,0.99,288281.0,0,0,0,0
13.41,4244.5,118.5,0.65,369788.0,0,0,0,0
13.41,5023.8,54.2,0.2,222172.0,0,0,0,0
17.95,16347.3,128.6,1.04,355062.0,0,1,0,1
15.92,11234.0,110.6,0.6,221375.0,0,0,0,1
12.83,3446.8,71.5,0.59,216428.0,0,0,0,0
15.36,3532.6,90.5,0.73,341395.0,0,0,0,0
12.84,8945.6,146.1,1.74,349145.0,0,1,1,0
12.84,9141.8,118.5,2.03,343856.0,0,0,1,0
14.6,9146.7,95.3,1.05,181315.0,0,0,0,0
9.22,6735.1,87.4,0.74,245054.0,1,0,0,0
9.69,7123.6,97.5,0.42,341724.0,1,0,0,0
12.59,8483.6,78.6,1.16,283116.0,0,0,0,0
11.47,7757.7,40.0,1.75,199473.0,1,0,1,0
14.79,1000.0,160.3,0.84,314374.0,0,1,0,0
11.73,6810.6,100.0,0.2,226389.0,1,0,0,0
10.47,4945.8,107.7,1.25,414589.0,1,0,0,0
17.66,8025.6,93.1,1.39,395863.0,0,0,1,0
13.44,16455.8,71.5,0.24,325307.0,0,0,0,1
14.17,8602.4,89.1,1.03,382076.0,0,0,0,0
10.44,6559.4,43.8,1.15,284859.0,1,0,0,0
12.64,10265.4,167.9,0.92,337408.0,0,1,0,0
14.28,8948.1,55.5,0.59,390829.0,0,0,0,0
11.12,8760.3,62.0,1.41,298412.0,1,0,1,0
14.94,9320.6,80.9,0.77,260861.0,0,0,0,0
12.5,13669.6,136.2,0.28,152153.0,0,1,0,1
13.27,4107.3,95.5,0.2,273765.0,0,0,0,0
12.5,8920.9,55.4,1.52,341757.0,0,0,1,0
18.63,4720.9,135.1,1.23,350923.0,0,1,0,0
13.97,9166.5,118.4,0.99,317827.0,0,0,0,0
11.36,4743.9,112.2,0.75,239403.0,1,0,0,0
16.06,6247.9,117.9,0.71,131738.0,0,0,0,0
10.95,6614.7,171.6,0.47,242859.0,1,1,0,0
14.52,10427.5,164.9,0.76,257174.0,0,1,0,0
9.1,10255.4,73.0,0.2,256530.0,1,0,0,0
10.68,3762.8,147.0,0.62,326392.0,1,1,0,0
14.49,7664.8,107.3,0.81,428926.0,0,0,0,0
15.85,5371.3,111.0,1.22,289265.0,0,0,0,0
14.43,3724.5,40.8,0.93,263745.0,0,0,0,0
13.71,6848.9,89.5,1.31,260558.0,0,0,1,0
13.25,6574.6,69.0,1.56,289329.0,0,0,1,0
10.3,14780.1,121.5,1.43,217878.0,1,0,1,1
12.2,8798.9,129.3,1.16,289015.0,0,1,0,0
12.85,3367.1,40.0,0.96,313811.0,0,0,0,0
16.64,5805.7,94.3,0.51,295726.0,0,0,0,0
14.86,10564.1,130.9,1.28,314316.0,0,1,1,0
9.59,13765.3,89.0,1.71,312531.0,1,0,1,1
14.81,2742.1,118.3,1.1,147108.0,0,0,0,0
13.04,1860.2,106.2,1.81,327765.0,0,0,1,0
12.31,13112.9,105.9,0.26,229674.0,0,0,0,1
15.53,8668.8,86.3,0.43,197812.0,0,0,0,0
16.58,4895.1,56.1,1.33,197166.0,0,0,1,0
16.33,9103.9,59.1,1.07,312516.0,0,0,0,0
11.9,1000.0,117.7,1.54,263307.0,1,0,1,0
13.23,7510.1,95.6,0.94,153852.0,0,0,0,0
14.83,8483.5,90.6,0.56,315853.0,0,0,0,0
16.44,10272.8,81.4,0.85,172029.0,0,0,0,0
12.8,4458.3,85.2,0.26,290487.0,0,0,0,0
13.54,7757.1,128.5,0.44,297887.0,0,1,0,0
11.23,4723.7,84.3,1.39,346418.0,1,0,1,0
11.01,8266.2,52.1,1.34,413626.0,1,0,1,0
16.03,4814.0,118.8,1.11,177649.0,0,0,0,0
17.39,6275.7,88.4,0.2,276064.0,0,0,0,0
13.82,4512.6,96.0,0.79,259275.0,0,0,0,0
16.51,9453.4,146.4,0.4,312531.0,0,1,0,0
14.9,10075.4,94.3,1.48,296175.0,0,0,1,0
12.39,6796.1,104.3,0.69,253559.0,0,0,0,0
14.9,7614.7,57.3,0.46,246932.0,0,0,0,0
17.85,3154.2,88.0,0.96,196266.0,0,0,0,0
13.91,6601.0,114.5,0.66,354090.0,0,0,0,0
17.91,7349.4,45.2,1.62,314440.0,0,0,1,0
7.45,15362.4,101.4,0.62,348833.0,1,0,0,1
16.05,4164.1,98.2,0.32,256720.0,0,0,0,0
14.22,11892.5,96.3,0.2,230737.0,0,0,0,1
13.25,10490.6,128.2,0.94,199126.0,0,1,0,0
14.23,8341.9,105.7,0.7,306919.0,0,0,0,0
9.03,12775.9,142.3,0.31,202016.0,1,1,0,1
13.45,8616.3,63.2,1.49,418650.0,0,0,1,0
14.89,8667.5,99.3,1.25,181927.0,0,0,0,0
17.69,7340.6,97.7,0.94,300525.0,0,0,0,0
12.7,11170.7,60.8,1.56,397514.0,0,0,1,1
11.98,10789.4,125.6,1.25,324932.0,1,1,0,0
12.75,5623.0,169.4,0.58,293176.0,0,1,0,0
16.29,3542.3,94.5,0.48,207364.0,0,0,0,0
14.82,6891.1,111.2,1.32,176367.0,0,0,1,0
12.68,5099.9,97.7,1.13,337754.0,0,0,0,0
15.28,7309.4,72.2,1.03,392961.0,0,0,0,0
14.24,11212.3,40.0,0.57,247086.0,0,0,0,1
16.42,6128.1,72.4,1.22,194570.0,0,0,0,0
12.24,7371.5,50.5,0.61,95637.0,0,0,0,0
13.18,7674.1,149.5,0.9,206443.0,0,1,0,0
13.02,10045.3,91.3,1.6,271476.0,0,0,1,0
10.34,1000.0,83.9,0.65,399934.0,1,0,0,0
14.74,5679.9,123.5,0.24,330485.0,0,0,0,0
14.65,8133.9,59.1,0.48,302881.0,0,0,0,0
14.01,11100.2,70.5,1.4,249991.0,0,0,1,1
13.41,6024.3,97.2,1.06,236263.0,0,0,0,0
10.46,1870.3,127.9,0.89,385424.0,1,1,0,0
12.95,9359.1,111.1,0.72,295055.0,0,0,0,0
13.14,5593.9,102.9,1.17,122305.0,0,0,0,0
11.99,3931.0,97.5,0.57,229485.0,1,0,0,0
13.6,5627.0,107.8,1.09,215634.0,0,0,0,0
15.01,6946.4,101.5,0.62,239030.0,0,0,0,0
18.72,5685.8,62.0,0.55,322218.0,0,0,0,0
14.44,1000.0,96.5,0.66,271942.0,0,0,0,0
14.64,10191.2,60.6,0.78,274235.0,0,0,0,0
13.81,11324.6,97.6,0.93,378510.0,0,0,0,1
9.2,9454.6,79.6,1.06,227765.0,1,0,0,0
13.93,4086.9,176.3,0.2,419815.0,0,1,0,0
14.15,6895.5,93.7,0.59,229652.0,0,0,0,0
20.16,7480.4,50.1,0.77,286690.0,0,0,0,0
13.52,9296.4,90.7,1.63,258910.0,0,0,1,0
14.75,9505.0,111.6,0.46,289256.0,0,0,0,0
13.91,5297.5,148.5,1.02,313344.0,0,1,0,0
11.08,7746.0,76.1,1.62,312538.0,1,0,1,0
16.86,8871.8,44.4,0.36,223516.0,0,0,0,0
15.88,11867.5,121.1,1.13,195781.0,0,0,0,1
15.98,9613.5,50.8,0.59,467738.0,0,0,0,0
11.73,9867.2,81.0,0.72,243701.0,1,0,0,0
17.51,7751.5,86.8,0.59,332441.0,0,0,0,0
10.5,11731.4,92.8,0.62,159427.0,1,0,0,1
15.47,8729.3,117.1,2.17,259029.0,0,0,1,0
19.48,4916.7,73.1,1.33,270460.0,0,0,1,0
11.52,11710.1,86.2,1.45,315461.0,1,0,1,1
12.58,9593.7,94.5,1.17,75816.0,0,0,0,0
14.25,6170.9,99.8,0.23,292461.0,0,0,0,0
12.74,6061.5,98.1,1.13,193769.0,0,0,0,0
10.12,8389.7,109.0,1.43,304326.0,1,0,1,0
14.17,8889.6,122.0,0.57,202275.0,0,0,0,0
11.34,8091.9,107.6,1.38,215839.0,1,0,1,0
15.18,8433.9,109.5,1.27,259478.0,0,0,1,0
11.7,12599.9,44.4,1.78,201075.0,1,0,1,1
17.87,10714.6,96.6,0.76,244335.0,0,0,0,0
12.04,8071.9,110.3,0.46,190497.0,0,0,0,0
13.19,10323.9,118.3,0.79,142512.0,0,0,0,0
16.03,4402.4,72.8,1.6,356347.0,0,0,1,0
10.92,8693.8,73.9,0.2,182796.0,1,0,0,0
14.57,12927.9,76.6,0.2,266599.0,0,0,0,1
17.27,6845.9,112.2,0.99,336467.0,0,0,0,0
9.98,4957.1,128.1,0.75,233879.0,1,1,0,0
14.46,5543.7,82.0,0.95,218113.0,0,0,0,0
14.65,4231.1,124.1,1.38,296968.0,0,0,1,0
15.95,5145.7,99.0,0.7,363845.0,0,0,0,0
10.91,6388.5,91.0,0.2,192301.0,1,0,0,0
10.7,3283.3,88.2,1.87,268739.0,1,0,1,0
15.3,7546.9,118.9,0.5,150063.0,0,0,0,0
14.74,10206.8,105.4,0.47,250510.0,0,0,0,0
14.63,4776.7,167.8,1.45,282565.0,0,1,1,0
14.87,12057.9,67.7,0.78,215903.0,0,0,0,1
12.3,9032.4,111.6,0.92,245726.0,0,0,0,0
14.58,10591.7,78.1,1.17,174383.0,0,0,0,0
14.73,5526.5,67.2,1.44,285781.0,0,0,1,0
12.21,10063.6,94.7,0.8,359177.0,0,0,0,0
18.66,4224.2,99.4,1.63,197714.0,0,0,1,0
15.18,10170.7,188.4,0.2,233300.0,0,1,0,0
11.02,8015.5,89.1,1.29,317691.0,1,0,1,0
15.64,9159.8,58.8,0.57,370907.0,0,0,0,0
11.56,3973.2,103.7,1.57,168011.0,1,0,1,0
15.97,4814.8,40.0,1.01,267341.0,0,0,0,0
16.9,9291.7,92.1,0.65,301235.0,0,0,0,0
11.95,4655.0,95.5,1.25,272346.0,1,0,0,0
16.41,8889.6,120.4,1.35,94241.0,0,0,1,0
15.03,3398.6,126.2,1.24,317582.0,0,1,0,0
16.06,10044.5,78.9,0.49,393950.0,0,0,0,0
18.74,3802.4,90.2,0.73,288750.0,0,0,0,0
13.39,9156.9,70.5,0.95,202667.0,0,0,0,0
12.12,9376.9,58.9,0.93,241515.0,0,0,0,0
11.78,5409.7,104.9,1.29,412743.0,1,0,1,0
11.96,9246.1,54.2,0.2,348247.0,1,0,0,0
13.81,8281.3,81.7,1.1,328002.0,0,0,0,0
14.85,5883.5,63.2,0.82,306731.0,0,0,0,0
14.69,4474.3,112.6,0.57,230415.0,0,0,0,0
16.07,1612.1,152.6,0.62,264957.0,0,1,0,0
14.03,8549.0,53.3,0.85,274156.0,0,0,0,0
17.63,2805.6,40.0,0.2,321218.0,0,0,0,0
13.34,7786.0,91.0,0.63,393169.0,0,0,0,0
20.8,6709.7,95.5,0.56,363875.0,0,0,0,0
15.56,9537.4,102.0,1.19,173546.0,0,0,0,0
11.86,6593.9,80.7,0.59,296800.0,1,0,0,0
11.32,6511.7,88.6,0.85,335257.0,1,0,0,0
15.21,9695.6,106.8,1.64,326415.0,0,0,1,0
13.44,8505.2,128.3,1.4,232807.0,0,1,1,0
15.79,8448.5,40.0,1.36,498558.0,0,0,1,0
15.18,8907.8,83.2,0.73,184219.0,0,0,0,0
13.82,2893.3,101.8,1.19,198761.0,0,0,0,0
11.88,9770.4,65.6,0.84,297520.0,1,0,0,0
10.21,9337.4,150.4,0.86,438760.0,1,1,0,0
12.88,4450.0,74.7,1.13,217285.0,0,0,0,0
16.14,6767.8,93.7,0.68,260063.0,0,0,0,0
14.54,7382.1,112.8,1.62,360797.0,0,0,1,0
10.89,7096.5,76.1,0.88,278660.0,1,0,0,0
14.43,8501.6,40.0,1.23,254905.0,0,0,0,0
14.96,11794.1,81.3,1.61,322422.0,0,0,1,1
11.79,10745.3,127.9,1.41,300439.0,1,1,1,0
14.38,3563.3,84.2,0.32,357283.0,0,0,0,0
14.15,9366.2,67.9,1.15,376860.0,0,0,0,0
11.14,11486.8,124.6,1.33,303025.0,1,0,1,1
14.89,8660.4,84.4,1.35,301880.0,0,0,1,0
15.4,10772.9,78.7,0.45,296058.0,0,0,0,0
16.71,13536.8,99.8,0.65,316685.0,0,0,0,1
16.63,10571.1,119.7,1.4,284138.0,0,0,1,0
10.56,8247.9,171.2,0.61,279954.0,1,1,0,0
11.66,10635.3,121.5,0.82,369747.0,1,0,0,0
15.29,7934.7,132.1,1.66,393709.0,0,1,1,0
15.28,7571.7,78.8,0.93,166934.0,0,0,0,0
15.29,6445.8,62.2,0.62,280752.0,0,0,0,0
22.0,12190.2,97.0,0.56,228348.0,0,0,0,1
15.43,5044.7,98.4,1.1,256677.0,0,0,0,0
16.84,12097.1,60.5,0.35,310189.0,0,0,0,1
16.39,8999.6,89.4,0.84,330208.0,0,0,0,0
15.63,3302.1,107.8,1.1,271591.0,0,0,0,0
13.21,8602.9,106.5,1.53,136499.0,0,0,1,0
15.9,1199.9,111.1,1.25,207622.0,0,0,0,0
12.07,9376.5,104.3,0.63,347237.0,0,0,0,0
13.41,10155.7,78.8,1.48,74468.0,0,0,1,0
12.79,5722.9,78.6,0.82,369057.0,0,0,0,0
14.2,7870.6,56.6,0.39,319092.0,0,0,0,0
19.79,13362.5,152.1,0.87,378713.0,0,1,0,1
9.33,5982.8,95.4,1.6,265107.0,1,0,1,0
15.72,4323.3,87.8,1.02,125395.0,0,0,0,0
9.97,11945.0,65.3,0.96,312277.0,1,0,0,1
12.82,13387.8,188.9,1.69,375599.0,0,1,1,1
16.72,7511.1,60.7,0.31,349354.0,0,0,0,0
14.16,10534.4,81.3,0.37,230298.0,0,0,0,0
11.31,11524.4,108.3,0.22,286507.0,1,0,0,1
12.21,5272.5,114.2,1.12,240037.0,0,0,0,0
15.7,6044.1,125.7,1.02,218555.0,0,1,0,0
12.17,11192.6,152.8,1.64,351654.0,0,1,1,1
14.54,12555.0,111.2,1.06,190185.0,0,0,0,1
14.11,9188.6,61.2,0.77,212964.0,0,0,0,0
12.37,4860.6,86.8,0.95,197198.0,0,0,0,0
19.36,13461.2,104.9,1.0,168231.0,0,0,0,1
15.58,5907.1,161.2,0.2,290981.0,0,1,0,0
8.94,6494.6,50.3,2.17,367113.0,1,0,1,0
14.47,8527.0,133.5,1.18,266134.0,0,1,0,0
12.35,12162.5,100.8,1.04,167069.0,0,0,0,1
16.13,10061.9,121.8,1.23,342996.0,0,0,0,0
12.02,8744.6,91.7,1.27,406428.0,0,0,1,0
13.71,8889.9,68.0,0.89,231532.0,0,0,0,0
15.26,7630.5,119.0,0.67,244108.0,0,0,0,0
16.16,9174.4,115.9,1.22,318675.0,0,0,0,0
11.0,1000.0,126.1,1.12,401641.0,1,1,0,0
13.16,6610.2,94.6,0.59,241012.0,0,0,0,0
12.81,8224.0,75.8,1.59,180066.0,0,0,1,0
12.37,4047.0,45.1,1.08,327356.0,0,0,0,0
18.41,8659.0,121.2,1.28,339930.0,0,0,1,0
15.01,6886.6,108.6,1.58,280460.0,0,0,1,0
10.85,12766.4,64.1,0.96,238140.0,1,0,0,1
16.29,12219.1,77.8,1.09,354578.0,0,0,0,1
19.31,6102.6,80.1,1.31,319603.0,0,0,1,0
16.58,7047.5,47.5,0.62,222367.0,0,0,0,0
10.2,7278.2,68.8,0.97,283682.0,1,0,0,0
12.79,6145.0,58.7,1.01,178622.0,0,0,0,0
17.17,8085.1,81.8,0.52,331442.0,0,0,0,0
12.23,5225.2,71.4,1.99,260332.0,0,0,1,0
15.11,4108.2,42.9,0.32,247322.0,0,0,0,0
15.94,9368.1,159.7,0.37,277534.0,0,1,0,0
11.68,9388.6,135.1,1.54,283023.0,1,1,1,0
13.85,5087.1,70.1,1.27,347120.0,0,0,1,0
5.9,10186.1,103.7,0.49,324332.0,1,0,0,0
11.44,5605.3,108.4,1.22,268269.0,1,0,0,0
13.37,8259.5,133.1,1.61,337275.0,0,1,1,0
10.88,9961.0,68.8,0.94,310055.0,1,0,0,0
18.08,7399.2,129.9,2.12,248005.0,0,1,1,0
10.42,8864.2,77.5,0.2,270646.0,1,0,0,0
12.9,5950.7,52.3,1.26,268883.0,0,0,1,0
14.33,6910.6,118.2,1.47,317895.0,0,0,1,0
17.6,6882.4,136.3,1.35,252473.0,0,1,1,0
10.41,5260.3,177.8,0.86,250719.0,1,1,0,0
16.91,6969.7,56.6,0.82,427657.0,0,0,0,0
14.03,2854.1,117.4,1.15,350480.0,0,0,0,0
11.55,6026.5,81.9,1.32,222955.0,1,0,1,0
15.16,6645.4,120.1,1.22,322821.0,0,0,0,0
14.5,6731.5,47.9,1.42,288876.0,0,0,1,0
12.5,6775.5,54.6,0.49,309366.0,0,0,0,0
14.17,7314.7,70.2,0.85,290301.0,0,0,0,0
13.04,8938.3,97.5,0.53,369223.0,0,0,0,0
14.28,10123.6,74.5,0.78,305922.0,0,0,0,0
15.66,5550.7,116.1,1.41,275343.0,0,0,1,0
17.97,3890.4,127.9,1.0,358164.0,0,1,0,0
10.91,4373.9,114.2,2.12,297496.0,1,0,1,0
19.33,6038.4,146.8,1.04,289111.0,0,1,0,0
9.12,6444.2,108.3,0.98,303552.0,1,0,0,0
13.62,5190.0,56.1,1.0,272979.0,0,0,0,0
15.47,3611.7,138.6,0.66,280692.0,0,1,0,0
14.7,6131.6,75.6,0.92,235998.0,0,0,0,0
12.44,8044.3,124.1,1.46,223662.0,0,0,1,0
13.48,9285.1,145.4,1.0,205107.0,0,1,0,0
12.77,5827.7,109.6,0.59,175601.0,0,0,0,0
12.53,6261.0,47.1,0.53,214021.0,0,0,0,0
16.12,4719.9,65.6,0.75,266930.0,0,0,0,0
14.89,7405.7,137.3,0.98,287734.0,0,1,0,0
12.27,4954.7,89.6,1.49,259653.0,0,0,1,0
16.25,9219.4,97.5,0.35,103322.0,0,0,0,0
14.77,2142.4,119.3,0.81,398094.0,0,0,0,0
16.03,6421.1,117.3,1.01,361486.0,0,0,0,0
15.57,8403.3,103.9,0.2,313432.0,0,0,0,0
11.93,8051.5,88.3,0.57,423062.0,1,0,0,0
12.6,15579.1,85.0,0.64,206698.0,0,0,0,1
15.87,8549.4,122.5,0.59,421572.0,0,0,0,0
15.53,4487.8,112.7,1.04,207609.0,0,0,0,0
13.95,7213.6,86.8,0.88,297905.0,0,0,0,0
14.29,2171.3,129.6,0.7,184462.0,0,1,0,0
17.19,7258.2,90.9,1.14,281102.0,0,0,0,0
12.52,5000.8,67.7,1.73,308962.0,0,0,1,0
15.37,10246.2,70.7,1.69,268398.0,0,0,1,0
13.49,5851.4,63.7,0.2,333541.0,0,0,0,0
13.46,7149.7,86.3,1.21,287426.0,0,0,0,0
16.75,5593.3,134.5,0.87,240819.0,0,1,0,0
16.06,12716.6,69.2,1.02,237489.0,0,0,0,1
16.03,6536.3,101.0,0.77,340819.0,0,0,0,0
17.26,12997.7,74.0,1.0,230969.0,0,0,0,1
14.05,9942.5,86.7,1.02,348655.0,0,0,0,0
15.7,8946.2,46.7,0.69,371703.0,0,0,0,0
13.22,8606.2,87.9,0.55,154846.0,0,0,0,0
14.81,8681.4,88.8,0.75,364969.0,0,0,0,0
13.67,1717.0,112.3,1.06,434532.0,0,0,0,0
14.24,6663.3,102.1,1.22,298900.0,0,0,0,0
15.49,10035.5,56.7,1.33,324931.0,0,0,1,0
11.95,7353.3,129.7,0.73,357775.0,1,1,0,0
19.23,3284.4,101.7,1.08,259339.0,0,0,0,0
11.48,7342.8,101.3,1.38,293671.0,1,0,1,0
10.96,12612.3,94.7,1.47,181435.0,1,0,1,1
16.9,11240.7,78.4,0.92,290398.0,0,0,0,1
15.98,7314.0,102.0,0.85,317358.0,0,0,0,0
15.56,10354.3,110.2,1.04,318712.0,0,0,0,0
15.57,6400.5,40.0,0.43,359907.0,0,0,0,0
13.97,2388.4,77.8,0.86,221890.0,0,0,0,0
11.76,4726.6,86.8,1.29,240054.0,1,0,1,0
14.19,12188.7,103.2,1.24,422163.0,0,0,0,1
12.31,6678.0,133.2,0.83,268725.0,0,1,0,0
16.44,6769.8,70.3,1.05,295003.0,0,0,0,0
13.63,6600.5,79.1,0.58,274974.0,0,0,0,0
11.94,13212.4,78.6,1.27,218374.0,1,0,1,1
13.2,12377.9,69.4,0.91,401765.0,0,0,0,1
15.03,14156.3,83.9,0.83,240422.0,0,0,0,1
12.59,7022.9,119.7,0.79,195454.0,0,0,0,0
11.94,8386.9,61.3,0.92,246194.0,1,0,0,0
14.61,2950.1,108.7,0.75,129872.0,0,0,0,0
14.61,11930.8,40.5,1.25,231153.0,0,0,0,1
12.73,3996.7,77.0,0.77,207390.0,0,0,0,0
12.82,8150.3,84.5,1.67,326307.0,0,0,1,0
14.58,4208.1,148.6,1.61,229494.0,0,1,1,0
10.38,5733.4,86.2,0.55,346585.0,1,0,0,0
10.48,4988.2,40.0,0.98,384886.0,1,0,0,0
12.2,5676.4,40.0,0.66,338588.0,0,0,0,0
13.47,5882.6,96.1,0.8,263846.0,0,0,0,0
14.78,5855.2,114.6,1.85,290584.0,0,0,1,0
17.69,10000.0,107.0,0.81,165626.0,0,0,0,0
16.14,4185.4,100.4,1.11,269967.0,0,0,0,0
13.6,8161.6,132.2,1.19,215467.0,0,1,0,0
13.95,11153.9,77.7,0.5,332074.0,0,0,0,1
11.49,5960.4,123.6,0.57,472956.0,1,0,0,0
13.95,5346.2,42.8,0.41,317487.0,0,0,0,0
13.28,6808.4,66.0,0.55,130664.0,0,0,0,0
14.81,11039.2,40.0,0.2,252908.0,0,0,0,1
11.93,8082.3,86.2,1.2,289187.0,1,0,0,0
15.3,5906.4,93.5,1.87,286552.0,0,0,1,0
17.83,8951.6,98.7,1.02,225189.0,0,0,0,0
13.73,4193.1,97.0,0.31,298397.0,0,0,0,0
15.0,9544.1,65.3,0.66,186812.0,0,0,0,0
15.73,8725.8,88.9,0.74,209132.0,0,0,0,0
13.0,6576.6,47.1,0.49,328435.0,0,0,0,0
14.56,4984.2,138.6,1.34,203825.0,0,1,1,0
14.03,4840.0,85.3,1.31,320366.0,0,0,1,0
14.24,9104.5,79.4,0.43,177290.0,0,0,0,0
12.07,11186.9,145.8,1.28,412362.0,0,1,1,1
14.06,5588.1,55.2,1.64,221930.0,0,0,1,0
15.24,8875.2,59.0,1.81,263225.0,0,0,1,0
17.63,1238.9,59.9,2.24,304796.0,0,0,1,0
16.4,5746.1,92.8,0.54,237599.0,0,0,0,0
19.38,7406.8,108.8,2.22,290755.0,0,0,1,0
12.08,4770.9,118.7,0.79,323152.0,0,0,0,0
16.18,4690.5,177.3,0.68,352046.0,0,1,0,0
14.46,5496.7,40.0,1.1,339362.0,0,0,0,0
19.47,8376.6,114.5,0.69,267114.0,0,0,0,0
11.98,6938.0,77.2,1.13,269003.0,1,0,0,0
11.9,1000.0,76.2,0.36,456183.0,1,0,0,0
12.5,1137.9,75.2,0.84,351242.0,0,0,0,0
8.69,5679.4,65.9,1.53,210863.0,1,0,1,0
12.69,8873.1,148.9,0.92,287499.0,0,1,0,0
12.1,1000.0,122.0,1.01,254864.0,0,0,0,0
14.38,6000.8,95.7,1.16,269850.0,0,0,0,0
14.85,5921.3,138.2,1.48,187788.0,0,1,1,0
18.69,11665.0,46.6,0.21,249106.0,0,0,0,1
16.38,6344.9,52.4,1.21,415867.0,0,0,0,0
12.56,8649.0,40.0,0.83,323431.0,0,0,0,0
11.75,7923.8,72.6,1.02,93163.0,1,0,0,0
15.23,1108.3,100.2,1.43,371254.0,0,0,1,0
10.7,9804.6,98.3,0.41,361722.0,1,0,0,0
18.58,8146.2,99.8,0.49,253054.0,0,0,0,0
16.95,9024.8,49.8,0.2,333795.0,0,0,0,0
12.83,19278.7,120.7,0.7,215545.0,0,0,0,1
9.72,1247.7,102.7,1.55,244731.0,1,0,1,0
17.38,12674.1,118.5,0.9,392391.0,0,0,0,1
13.71,6637.7,40.0,0.35,259620.0,0,0,0,0
17.09,8362.0,105.0,0.73,139770.0,0,0,0,0
10.01,7363.5,57.0,0.28,275252.0,1,0,0,0
12.5,6227.3,82.3,0.44,274106.0,0,0,0,0
14.01,5790.5,112.1,1.12,369878.0,0,0,0,0
14.12,8488.5,97.9,0.42,281075.0,0,0,0,0
12.87,2948.5,67.8,1.45,248381.0,0,0,1,0
15.56,9751.7,95.2,0.92,358379.0,0,0,0,0
11.33,6251.4,46.0,0.99,289059.0,1,0,0,0
13.64,4109.8,131.8,0.82,223748.0,0,1,0,0
14.3,6150.0,88.4,1.3,366625.0,0,0,1,0
15.29,11271.4,130.8,1.3,294525.0,0,1,1,1
15.78,5894.0,78.2,1.1,280219.0,0,0,0,0
11.19,8575.4,78.2,1.2,293343.0,1,0,0,0
10.16,5307.1,70.5,0.85,199700.0,1,0,0,0
17.19,9773.8,123.0,1.19,240426.0,0,0,0,0
14.83,9556.5,72.3,0.8,280269.0,0,0,0,0
12.13,13045.8,115.6,0.95,265400.0,0,0,0,1
17.88,6973.3,82.8,0.83,375432.0,0,0,0,0
14.29,9506.0,40.0,0.74,296305.0,0,0,0,0
16.95,7794.2,76.7,0.64,344118.0,0,0,0,0
14.17,11387.6,57.3,1.16,280705.0,0,0,0,1
19.15,5343.5,96.1,1.54,359222.0,0,0,1,0
18.39,9735.0,56.9,1.48,309815.0,0,0,1,0
13.38,6915.9,124.6,0.38,281007.0,0,0,0,0
16.43,7307.4,92.1,1.53,279004.0,0,0,1,0
15.61,7775.3,89.3,0.81,208417.0,0,0,0,0
17.42,8256.7,116.0,1.22,318019.0,0,0,0,0
11.59,7151.3,125.8,0.54,276985.0,1,1,0,0
15.72,8144.1,94.4,1.01,242351.0,0,0,0,0
16.65,12234.4,70.3,1.09,362985.0,0,0,0,1
9.6,10456.3,40.0,0.28,186234.0,1,0,0,0
11.04,10107.5,73.0,1.22,248313.0,1,0,0,0
8.9,6133.4,75.2,1.56,357079.0,1,0,1,0
13.33,4832.3,98.4,0.87,303664.0,0,0,0,0
15.79,10365.9,84.0,1.56,276411.0,0,0,1,0
17.76,10128.1,117.0,0.86,298825.0,0,0,0,0
14.19,11918.0,75.4,1.33,293456.0,0,0,1,1
18.07,5688.1,93.2,0.2,166250.0,0,0,0,0
10.55,6811.4,132.9,2.04,253805.0,1,1,1,0
9.74,2581.5,105.9,1.62,401239.0,1,0,1,0
13.86,6322.6,93.1,0.82,230551.0,0,0,0,0
14.96,10489.7,75.7,0.2,256127.0,0,0,0,0
13.92,6100.5,74.7,1.08,239378.0,0,0,0,0
8.83,9421.4,67.8,0.3,273474.0,1,0,0,0
13.78,6928.5,77.7,1.15,236266.0,0,0,0,0
10.74,8472.2,119.2,1.14,316506.0,1,0,0,0
15.67,4056.9,87.9,0.53,294799.0,0,0,0,0
14.92,7755.6,51.8,1.45,338016.0,0,0,1,0
11.65,1000.0,151.6,1.31,201179.0,1,1,1,0
12.72,6939.3,105.2,1.39,254474.0,0,0,1,0
11.35,2608.6,50.0,0.95,263071.0,1,0,0,0
13.84,11118.0,80.9,0.31,314174.0,0,0,0,1
16.39,9832.2,98.5,1.39,220508.0,0,0,1,0
11.54,8900.0,149.5,0.83,348674.0,1,1,0,0
15.26,12063.0,59.5,0.32,368981.0,0,0,0,1
12.67,4653.3,126.2,1.56,205835.0,0,1,1,0
12.02,12742.1,139.8,1.89,243185.0,0,1,1,1
13.73,10296.6,74.9,0.93,240105.0,0,0,0,0
11.41,6790.3,86.1,1.92,477429.0,1,0,1,0
12.62,10906.9,61.8,0.99,247757.0,0,0,0,0
11.01,4181.1,88.5,0.78,405822.0,1,0,0,0
18.91,5026.5,93.8,0.67,185003.0,0,0,0,0
14.09,5674.2,116.1,1.69,205776.0,0,0,1,0
12.25,5913.1,129.9,0.6,228505.0,0,1,0,0
14.53,4330.3,71.1,1.28,216573.0,0,0,1,0
13.72,11169.2,40.0,0.7,259908.0,0,0,0,1
13.45,6723.4,94.3,0.74,226842.0,0,0,0,0
15.54,8557.5,104.4,1.41,218549.0,0,0,1,0
15.89,5788.9,103.0,0.78,366885.0,0,0,0,0
12.67,2038.2,84.5,0.77,371785.0,0,0,0,0
12.56,8310.2,99.0,1.46,351197.0,0,0,1,0
13.31,1763.2,143.5,1.67,319300.0,0,1,1,0
8.25,7294.1,107.2,1.24,286956.0,1,0,0,0
10.21,3395.1,83.1,0.66,242723.0,1,0,0,0
17.42,13461.8,79.0,0.72,208513.0,0,0,0,1
18.11,10234.1,89.6,0.99,307225.0,0,0,0,0
13.38,7817.3,147.4,1.09,191978.0,0,1,0,0
15.44,11291.1,89.1,0.51,205456.0,0,0,0,1
14.78,4961.1,94.4,1.28,366468.0,0,0,1,0
21.7,9130.4,79.6,0.99,422549.0,0,0,0,0
16.8,8099.4,130.2,0.2,309497.0,0,1,0,0
13.68,8292.1,157.7,0.53,362984.0,0,1,0,0
11.61,11317.1,109.4,0.72,261561.0,1,0,0,1
9.98,9697.5,97.6,0.92,179674.0,1,0,0,0
14.51,8366.2,96.2,1.8,325913.0,0,0,1,0
12.11,2535.3,40.0,1.06,322697.0,0,0,0,0
10.44,4619.9,118.8,0.57,285375.0,1,0,0,0
12.38,7131.9,99.3,1.05,261822.0,0,0,0,0
11.3,7780.1,108.7,0.79,352166.0,1,0,0,0
18.22,4109.4,72.2,1.1,206070.0,0,0,0,0
16.2,14735.0,82.7,1.21,221966.0,0,0,0,1
13.98,12049.2,81.8,1.49,204392.0,0,0,1,1
17.7,9306.4,127.7,0.94,286373.0,0,1,0,0
14.19,7716.1,82.9,1.69,198408.0,0,0,1,0
11.85,6863.4,161.6,1.36,228682.0,1,1,1,0
17.81,4644.2,108.8,0.63,227068.0,0,0,0,0
15.35,7732.4,54.2,1.94,260454.0,0,0,1,0
11.41,8273.3,90.9,1.1,168447.0,1,0,0,0
13.52,3774.7,74.1,0.57,286540.0,0,0,0,0
11.81,8502.5,40.0,1.69,373548.0,1,0,1,0
10.54,7034.2,146.2,1.88,290162.0,1,1,1,0
16.32,1776.6,117.5,0.94,395599.0,0,0,0,0
18.77,4918.8,112.1,0.72,380050.0,0,0,0,0
10.5,6259.2,100.3,0.87,338330.0,1,0,0,0
15.41,13163.1,50.8,1.27,285601.0,0,0,1,1
12.37,9169.7,79.5,1.53,281688.0,0,0,1,0
12.78,3493.6,121.9,1.21,337285.0,0,0,0,0
12.52,8958.1,61.4,1.0,250625.0,0,0,0,0
11.84,2858.1,40.0,1.62,138811.0,1,0,1,0
14.12,10748.1,87.7,0.81,316900.0,0,0,0,0
11.92,6086.6,90.5,1.41,195170.0,1,0,1,0
14.68,7219.1,99.3,0.82,207839.0,0,0,0,0
13.87,11477.4,118.3,1.14,280017.0,0,0,0,1
13.4,3638.5,115.4,0.9,272866.0,0,0,0,0
11.73,3308.6,103.3,0.92,174094.0,1,0,0,0
12.56,5749.2,133.3,0.78,292412.0,0,1,0,0
15.89,10615.1,46.4,1.56,352460.0,0,0,1,0
15.25,2942.0,111.1,0.62,195374.0,0,0,0,0
11.56,1000.0,115.0,0.62,375436.0,1,0,0,0
14.25,6146.5,55.3,1.9,162987.0,0,0,1,0
15.88,9155.2,46.9,1.39,438799.0,0,0,1,0
9.83,11100.8,71.1,0.2,249155.0,1,0,0,1
15.36,6110.5,73.8,0.7,290921.0,0,0,0,0
12.34,6265.7,119.1,0.2,138097.0,0,0,0,0
15.43,10961.7,75.3,0.52,275340.0,0,0,0,0
12.09,1890.8,67.6,0.2,297136.0,0,0,0,0
9.49,6334.4,75.4,0.89,273538.0,1,0,0,0
9.93,8071.3,130.8,0.44,237769.0,1,1,0,0
14.12,8847.7,95.4,0.98,209008.0,0,0,0,0
14.65,5970.6,89.3,0.22,364789.0,0,0,0,0
11.74,7603.3,91.5,0.99,282311.0,1,0,0,0
15.6,1000.0,136.3,0.76,395556.0,0,1,0,0
9.85,5525.3,71.0,1.63,240514.0,1,0,1,0
13.83,8860.5,137.1,1.59,247390.0,0,1,1,0
10.97,4553.1,101.7,1.3,341170.0,1,0,1,0
12.37,7677.0,89.9,0.8,158277.0,0,0,0,0
14.12,8840.6,175.0,1.84,188990.0,0,1,1,0
11.85,6472.4,61.2,0.25,362311.0,1,0,0,0
13.04,8011.4,83.7,0.32,192105.0,0,0,0,0
16.52,4611.8,55.6,0.91,143571.0,0,0,0,0
12.56,6880.2,125.5,1.96,420140.0,0,1,1,0
16.09,9330.6,149.1,0.86,175464.0,0,1,0,0
11.18,7970.9,148.4,0.87,293809.0,1,1,0,0
15.32,5740.4,134.2,0.3,285181.0,0,1,0,0
17.6,8172.6,88.7,1.38,69203.0,0,0,1,0
7.82,9643.8,83.3,1.38,259951.0,1,0,1,0
12.01,1350.2,41.5,1.31,313631.0,0,0,1,0
15.44,10977.2,160.1,0.67,306573.0,0,1,0,0
13.49,6491.2,110.0,0.63,347764.0,0,0,0,0
14.93,8776.5,79.3,0.37,250938.0,0,0,0,0
12.49,11091.7,137.5,0.99,333438.0,0,1,0,1
14.22,3385.0,63.9,0.46,228300.0,0,0,0,0
13.61,5371.7,108.0,0.42,174215.0,0,0,0,0
16.92,6634.4,89.5,0.76,182670.0,0,0,0,0
14.64,5148.7,115.4,0.73,170342.0,0,0,0,0
14.84,12704.8,93.0,0.71,355719.0,0,0,0,1
12.97,4929.7,48.6,1.16,166407.0,0,0,0,0
12.78,5833.4,97.4,0.99,300553.0,0,0,0,0
12.92,8113.2,128.6,0.82,260056.0,0,1,0,0
14.99,3893.6,94.1,1.03,272301.0,0,0,0,0
12.95,6313.0,119.8,0.5,382271.0,0,0,0,0
14.72,8452.4,61.5,1.0,247118.0,0,0,0,0
19.19,6501.4,94.2,1.02,325870.0,0,0,0,0
16.18,7219.8,75.0,0.27,282817.0,0,0,0,0
13.18,5912.0,118.9,1.4,268599.0,0,0,1,0
17.0,2956.6,96.0,0.55,452498.0,0,0,0,0
12.98,8464.8,117.1,0.99,171899.0,0,0,0,0
8.9,12764.8,129.8,1.47,376685.0,1,1,1,1
11.48,7555.2,117.1,1.37,329230.0,1,0,1,0
9.32,8175.8,103.7,0.97,244036.0,1,0,0,0
13.12,9578.2,63.1,0.79,402199.0,0,0,0,0
14.05,3692.0,94.9,1.38,141392.0,0,0,1,0
18.19,12607.5,77.9,1.25,240868.0,0,0,0,1
14.82,8107.0,84.0,0.67,189364.0,0,0,0,0
13.45,12395.6,83.0,0.59,310906.0,0,0,0,1
16.07,5300.9,63.6,0.2,196520.0,0,0,0,0
8.47,12954.2,40.0,1.02,312480.0,1,0,0,1
14.59,9825.5,73.6,0.91,266017.0,0,0,0,0
15.93,9159.1,101.2,1.46,244048.0,0,0,1,0
10.3,8202.1,51.9,1.11,309149.0,1,0,0,0
16.86,6754.4,95.5,1.55,259853.0,0,0,1,0
14.85,11101.6,155.8,0.64,198352.0,0,1,0,1
12.96,7921.1,127.7,1.46,490103.0,0,1,1,0
15.58,1598.8,147.6,0.71,243462.0,0,1,0,0
19.68,4148.4,107.5,1.3,113679.0,0,0,1,0
14.45,6942.5,132.4,0.29,216843.0,0,1,0,0
14.62,8430.0,71.8,1.06,184954.0,0,0,0,0
12.85,7330.2,74.4,0.2,341961.0,0,0,0,0
11.88,11156.9,40.0,0.83,304124.0,1,0,0,1
16.08,1646.7,133.0,1.15,309903.0,0,1,0,0
11.86,7930.8,144.3,0.72,252248.0,1,1,0,0
14.18,2046.1,77.3,0.48,259049.0,0,0,0,0
12.81,9779.1,86.9,1.33,252180.0,0,0,1,0
15.2,7216.6,70.9,0.9,273911.0,0,0,0,0
14.83,8758.8,107.2,0.73,342650.0,0,0,0,0
16.59,4908.4,131.0,0.97,305206.0,0,1,0,0
12.72,11338.4,40.0,2.14,317508.0,0,0,1,1
13.33,10625.2,108.1,1.47,317467.0,0,0,1,0
11.55,9250.6,86.1,1.47,346333.0,1,0,1,0
12.89,7111.4,98.6,1.15,301611.0,0,0,0,0
14.94,9239.6,109.7,1.02,306914.0,0,0,0,0
15.89,5379.3,89.0,0.2,369160.0,0,0,0,0
11.69,10066.7,91.7,0.64,230122.0,1,0,0,0
16.17,12448.4,88.2,0.73,215819.0,0,0,0,1
17.39,10711.8,126.1,0.2,191056.0,0,1,0,0
15.03,5311.2,108.4,0.43,293719.0,0,0,0,0
18.69,8584.3,102.1,0.2,140970.0,0,0,0,0
12.07,3620.6,54.3,0.93,314662.0,0,0,0,0
10.89,9217.2,82.9,1.32,271811.0,1,0,1,0
9.55,8851.8,123.8,1.45,365098.0,1,0,1,0
17.74,1890.6,96.2,1.14,229606.0,0,0,0,0
15.64,4014.6,116.1,0.52,264751.0,0,0,0,0
13.86,6650.6,151.5,0.2,364165.0,0,1,0,0
14.7,6597.4,128.2,0.2,383735.0,0,1,0,0
11.19,3871.6,98.0,0.38,228989.0,1,0,0,0
20.11,8666.9,78.6,0.55,293634.0,0,0,0,0
14.32,8254.4,40.0,0.88,302081.0,0,0,0,0
14.27,6917.2,89.6,0.49,308024.0,0,0,0,0
15.81,5232.6,84.6,1.1,260307.0,0,0,0,0
15.2,10646.1,107.5,0.85,376104.0,0,0,0,0
14.56,12466.2,90.1,0.95,138272.0,0,0,0,1
12.02,6049.3,84.7,1.46,248415.0,0,0,1,0
15.18,5663.5,40.0,0.42,313595.0,0,0,0,0
18.71,8973.6,64.9,1.14,314292.0,0,0,0,0
17.36,6425.9,110.3,0.94,381457.0,0,0,0,0
17.98,7081.8,149.9,0.8,369867.0,0,1,0,0
12.72,9719.0,91.9,1.35,258584.0,0,0,1,0
11.53,1771.9,105.5,1.35,377490.0,1,0,1,0
13.69,11454.9,125.5,0.52,226447.0,0,1,0,1
14.14,7718.0,69.1,0.87,349817.0,0,0,0,0
16.74,6265.5,106.7,1.08,415789.0,0,0,0,0
9.77,7232.3,71.3,0.83,371121.0,1,0,0,0
17.82,7387.3,122.7,1.21,287933.0,0,0,0,0
13.6,2306.4,99.8,1.08,255117.0,0,0,0,0
12.93,11984.8,104.6,1.77,165356.0,0,0,1,1
11.47,7624.0,70.0,0.26,303290.0,1,0,0,0
9.86,8829.0,117.6,0.89,196359.0,1,0,0,0
16.06,10354.6,161.7,0.54,220515.0,0,1,0,0
14.18,4436.5,62.7,1.22,190694.0,0,0,0,0
10.78,8920.4,84.1,0.22,245471.0,1,0,0,0
10.76,6697.1,102.4,1.11,277902.0,1,0,0,0
13.16,10040.3,120.2,0.67,300521.0,0,0,0,0
18.17,1118.3,77.1,0.62,234962.0,0,0,0,0
13.35,7202.7,40.0,0.3,360196.0,0,0,0,0
10.24,5691.5,138.5,0.74,264385.0,1,1,0,0
13.39,8796.8,119.3,1.44,220921.0,0,0,1,0
13.32,8910.1,40.0,0.94,296972.0,0,0,0,0
7.26,5377.1,75.6,1.23,427266.0,1,0,0,0
13.86,5363.5,145.2,1.7,305137.0,0,1,1,0
13.42,7168.0,141.3,1.07,252786.0,0,1,0,0
15.74,4810.1,125.0,0.7,165440.0,0,0,0,0
18.62,10026.0,89.4,1.16,263544.0,0,0,0,0
16.82,6392.4,97.7,0.71,297620.0,0,0,0,0
13.33,1000.0,90.8,0.72,250931.0,0,0,0,0
11.23,6375.5,131.1,0.27,155096.0,1,1,0,0
20.43,4384.4,67.0,1.37,216208.0,0,0,1,0
14.15,2606.2,69.2,0.78,389090.0,0,0,0,0
14.03,3787.7,127.3,1.03,387550.0,0,1,0,0
13.94,7828.2,93.6,0.48,213502.0,0,0,0,0
14.5,11485.9,139.1,1.15,330457.0,0,1,0,1
13.64,8439.6,73.5,0.61,191607.0,0,0,0,0
12.57,5680.5,93.2,0.89,385324.0,0,0,0,0
12.63,8867.7,65.5,1.35,298393.0,0,0,1,0
13.92,6122.7,95.2,1.31,351223.0,0,0,1,0
12.64,5416.2,47.7,0.94,151368.0,0,0,0,0
12.22,4036.9,79.4,0.2,330823.0,0,0,0,0
14.27,2244.5,49.0,2.3,279424.0,0,0,1,0
13.36,6330.2,117.2,1.74,343895.0,0,0,1,0
17.76,7974.2,117.9,1.28,348615.0,0,0,1,0
7.37,7210.1,40.0,0.61,284934.0,1,0,0,0
16.73,6252.1,137.7,0.9,234938.0,0,1,0,0
17.12,4662.8,174.9,0.71,338477.0,0,1,0,0
8.82,9324.7,96.5,1.52,275488.0,1,0,1,0
13.14,3548.6,74.5,1.07,214541.0,0,0,0,0
13.07,9828.1,185.4,0.6,210989.0,0,1,0,0
10.48,4493.3,52.8,0.74,169213.0,1,0,0,0
12.06,5242.7,95.6,1.45,241728.0,0,0,1,0
11.22,3099.6,100.7,1.67,362702.0,1,0,1,0
18.38,5995.8,138.0,1.64,293337.0,0,1,1,0
16.34,10425.9,106.5,1.29,240267.0,0,0,1,0
17.18,9046.9,79.0,0.84,340364.0,0,0,0,0
15.8,10435.3,64.6,0.2,217564.0,0,0,0,0
11.18,9066.4,84.1,1.08,287151.0,1,0,0,0
12.69,4189.0,62.8,0.95,266528.0,0,0,0,0
15.22,6507.6,96.5,1.01,338435.0,0,0,0,0
10.94,5159.4,76.9,0.97,161708.0,1,0,0,0
15.78,11491.7,47.2,0.35,216235.0,0,0,0,1
13.4,3909.6,135.2,1.2,157132.0,0,1,0,0
13.06,10181.1,79.1,1.23,260530.0,0,0,0,0
15.78,10178.9,54.4,1.26,370857.0,0,0,1,0
15.11,12988.9,89.6,1.38,242091.0,0,0,1,1
13.1,6270.9,97.2,1.22,241699.0,0,0,0,0
16.9,9637.0,40.0,0.77,345379.0,0,0,0,0
11.3,14345.0,105.6,0.92,360141.0,1,0,0,1
15.54,5647.1,61.5,0.99,273357.0,0,0,0,0
15.48,2894.9,149.8,1.0,331354.0,0,1,0,0
13.23,1860.0,111.8,1.4,199228.0,0,0,1,0
14.82,9638.1,82.2,1.24,383348.0,0,0,0,0
10.87,1850.5,71.2,1.88,441153.0,1,0,1,0
16.31,6383.0,91.6,1.94,319091.0,0,0,1,0
13.54,8811.9,114.6,0.99,123675.0,0,0,0,0
12.69,8055.5,94.2,0.2,238133.0,0,0,0,0
16.62,8776.3,88.1,1.51,325962.0,0,0,1,0
12.24,8166.9,96.9,0.71,248389.0,0,0,0,0
10.48,11336.6,75.7,0.59,375415.0,1,0,0,1
10.11,4643.1,84.0,0.77,324112.0,1,0,0,0
15.52,5469.0,40.0,0.75,227014.0,0,0,0,0
10.8,5182.0,126.2,1.23,282420.0,1,1,0,0
18.39,9990.6,104.6,0.25,212963.0,0,0,0,0
8.8,10201.2,70.2,0.47,266306.0,1,0,0,0
18.24,8853.7,155.8,1.1,238406.0,0,1,0,0
14.53,11050.5,97.8,1.23,368107.0,0,0,0,1
13.76,3965.9,61.8,1.24,438701.0,0,0,0,0
12.64,12501.7,122.4,0.6,172661.0,0,0,0,1
15.0,12069.7,107.7,0.51,135759.0,0,0,0,1
13.91,9706.9,107.6,0.72,261612.0,0,0,0,0
16.76,12845.4,81.4,1.06,166119.0,0,0,0,1
14.29,2530.1,109.4,1.62,283466.0,0,0,1,0
14.38,5926.7,86.6,0.2,336170.0,0,0,0,0
13.09,5294.1,112.8,0.85,392061.0,0,0,0,0
13.86,9664.4,40.0,0.35,295105.0,0,0,0,0
14.77,4349.6,81.1,0.21,265513.0,0,0,0,0
9.72,9772.5,150.1,1.39,131621.0,1,1,1,0
10.63,11611.6,70.5,1.2,281964.0,1,0,0,1
15.86,9585.6,75.7,1.15,285347.0,0,0,0,0
14.43,8351.3,80.7,1.36,327922.0,0,0,1,0
13.54,4536.4,56.1,0.73,226863.0,0,0,0,0
14.05,4959.4,40.0,0.76,247371.0,0,0,0,0
14.87,11248.9,87.6,1.93,169150.0,0,0,1,1
12.65,9838.0,99.3,0.84,108153.0,0,0,0,0
12.05,7382.9,93.3,1.28,196863.0,0,0,1,0
14.49,6246.3,90.4,0.95,162226.0,0,0,0,0
11.55,1422.6,96.4,0.2,305253.0,1,0,0,0
15.02,4287.4,127.7,0.2,241140.0,0,1,0,0
9.74,13234.3,88.9,0.69,239632.0,1,0,0,1
16.57,3658.6,76.6,1.43,206169.0,0,0,1,0
15.18,8068.4,86.0,1.3,37558.0,0,0,1,0
14.64,10522.3,113.5,1.36,393123.0,0,0,1,0
16.46,3735.2,140.2,0.51,204980.0,0,1,0,0
18.16,8054.1,74.9,1.68,249068.0,0,0,1,0
16.54,10313.7,98.2,0.52,170883.0,0,0,0,0
9.4,7537.5,105.8,1.05,352895.0,1,0,0,0
10.8,16105.2,63.2,0.95,290757.0,1,0,0,1
12.44,2494.2,95.7,0.87,218023.0,0,0,0,0
14.07,10676.2,48.1,1.55,250583.0,0,0,1,0
15.29,6981.6,40.0,0.63,405863.0,0,0,0,0
12.19,9815.8,106.7,0.34,274527.0,0,0,0,0
14.47,8823.9,82.7,0.96,266370.0,0,0,0,0
12.11,5300.5,101.5,0.77,209396.0,0,0,0,0
12.47,8187.0,94.4,2.47,137906.0,0,0,1,0
10.48,1926.3,63.8,1.25,267997.0,1,0,0,0
11.69,9309.7,93.6,0.77,304411.0,1,0,0,0
10.62,8394.5,55.5,0.47,362469.0,1,0,0,0
11.56,9416.0,139.5,0.2,111363.0,1,1,0,0
16.63,10674.4,51.6,0.49,195618.0,0,0,0,0
11.63,8602.9,88.7,1.0,236444.0,1,0,0,0
20.58,7944.3,61.6,1.59,279739.0,0,0,1,0
15.23,4856.8,113.3,1.45,269122.0,0,0,1,0
14.46,5363.3,84.4,1.05,270873.0,0,0,0,0
11.85,11060.2,78.4,0.8,310607.0,1,0,0,1
15.75,11809.0,122.3,1.07,212253.0,0,0,0,1
12.56,6785.7,95.9,0.72,350061.0,0,0,0,0
14.31,7638.0,111.5,1.72,312509.0,0,0,1,0
20.4,4786.2,63.6,0.86,256013.0,0,0,0,0
13.76,11018.3,50.0,0.91,400068.0,0,0,0,1
16.87,9496.3,98.4,0.2,396731.0,0,0,0,0
12.24,13323.7,84.8,0.86,349967.0,0,0,0,1
13.91,4865.0,115.0,1.33,53608.0,0,0,1,0
18.43,6366.0,92.4,0.47,398421.0,0,0,0,0
12.43,8194.3,101.6,0.61,339607.0,0,0,0,0
18.53,9439.5,43.1,1.31,430481.0,0,0,1,0
15.77,6853.0,155.4,0.29,372810.0,0,1,0,0
12.59,4881.1,89.7,1.43,398376.0,0,0,1,0
15.58,10144.2,117.3,0.71,345899.0,0,0,0,0
16.43,9663.4,68.2,0.78,381152.0,0,0,0,0
15.55,4751.2,104.9,0.44,429559.0,0,0,0,0
10.07,11566.3,53.3,1.12,296242.0,1,0,0,1
12.18,11010.6,109.5,2.06,162083.0,0,0,1,1
13.38,7902.9,83.6,1.3,256940.0,0,0,1,0
13.81,7738.8,95.9,0.56,309246.0,0,0,0,0
15.55,9162.2,117.3,1.46,285617.0,0,0,1,0
14.44,4914.9,55.6,0.81,186508.0,0,0,0,0
10.66,7590.1,73.1,1.57,157670.0,1,0,1,0
14.95,1042.8,109.6,1.31,224413.0,0,0,1,0
15.53,10129.4,162.1,0.2,340580.0,0,1,0,0
15.4,2815.5,90.6,0.5,398525.0,0,0,0,0
16.7,12010.3,113.9,1.37,348743.0,0,0,1,1
16.08,6509.6,91.6,1.02,359307.0,0,0,0,0
15.15,6865.0,157.2,0.49,273939.0,0,1,0,0
13.82,5616.8,40.0,0.66,149344.0,0,0,0,0
9.85,6635.9,98.0,0.2,245858.0,1,0,0,0
15.07,11755.6,43.0,0.91,260593.0,0,0,0,1
14.52,1000.0,40.0,1.94,242721.0,0,0,1,0
14.68,11330.9,104.5,1.31,284102.0,0,0,1,1
10.81,8514.1,99.5,1.94,313106.0,1,0,1,0
11.3,3878.9,85.9,1.35,343976.0,1,0,1,0
16.63,4274.1,91.6,1.41,259141.0,0,0,1,0
13.9,12529.2,194.1,1.84,137218.0,0,1,1,1
15.7,4663.5,86.7,1.12,243784.0,0,0,0,0
14.07,4039.9,111.3,0.87,283278.0,0,0,0,0
14.07,10911.9,74.2,1.41,371711.0,0,0,1,0
16.35,8515.7,104.4,1.6,237414.0,0,0,1,0
12.71,4686.2,87.4,0.73,318441.0,0,0,0,0
14.24,8149.9,81.9,0.63,301757.0,0,0,0,0
12.84,4422.7,153.2,1.01,283293.0,0,1,0,0
12.91,10802.5,132.7,1.32,349790.0,0,1,1,0
13.23,10684.1,99.4,1.31,230437.0,0,0,1,0
14.56,9096.0,40.0,0.31,236861.0,0,0,0,0
12.8,8585.0,83.4,1.81,279107.0,0,0,1,0
17.14,12783.6,181.5,0.66,231989.0,0,1,0,1
11.76,7499.1,87.6,0.83,318101.0,1,0,0,0
13.53,3954.4,130.3,0.54,226511.0,0,1,0,0
12.9,8848.4,141.1,2.16,296973.0,0,1,1,0
17.62,13758.1,102.0,1.06,272487.0,0,0,0,1
14.49,4455.7,68.1,0.57,296119.0,0,0,0,0
16.58,6415.6,40.0,1.34,245519.0,0,0,1,0
10.29,8749.3,116.9,1.3,254568.0,1,0,1,0
14.67,7338.3,68.9,0.87,287201.0,0,0,0,0
16.22,4553.1,100.6,1.33,295156.0,0,0,1,0
14.21,10865.6,55.0,0.58,279685.0,0,0,0,0
16.66,14460.1,86.5,0.73,407902.0,0,0,0,1
12.71,8088.4,96.1,0.2,205695.0,0,0,0,0
17.52,4787.8,103.6,0.35,275185.0,0,0,0,0
19.75,2853.1,59.3,1.76,161978.0,0,0,1,0
13.09,8273.9,133.3,1.69,307906.0,0,1,1,0
12.89,10811.6,75.9,0.98,196357.0,0,0,0,0
17.63,8925.5,41.4,1.7,259127.0,0,0,1,0
17.95,7492.8,91.5,0.88,252095.0,0,0,0,0
12.69,5732.2,96.1,0.84,301067.0,0,0,0,0
12.95,4223.5,100.1,0.98,238541.0,0,0,0,0
13.3,10004.3,138.6,0.89,235352.0,0,1,0,0
10.64,10241.3,87.4,0.85,387689.0,1,0,0,0
11.7,2862.8,91.2,1.46,301343.0,1,0,1,0
11.49,12269.5,59.7,1.02,237921.0,1,0,0,1
12.08,9222.2,121.3,1.27,261187.0,0,0,1,0
13.91,11698.8,100.9,1.41,403402.0,0,0,1,1
14.59,3473.6,81.6,1.12,262363.0,0,0,0,0
17.88,3402.5,40.0,0.51,228304.0,0,0,0,0
11.5,7053.1,141.2,0.34,228625.0,1,1,0,0
16.46,9008.4,55.7,1.02,238816.0,0,0,0,0
13.47,12889.1,76.1,0.87,235413.0,0,0,0,1
13.88,9618.2,106.5,0.99,184026.0,0,0,0,0
15.69,6772.0,56.7,0.94,195685.0,0,0,0,0
11.19,4420.9,47.2,2.11,217801.0,1,0,1,0
14.96,11190.0,40.0,0.35,324368.0,0,0,0,1
14.42,4605.9,118.1,0.2,251407.0,0,0,0,0
15.23,12385.4,77.6,1.1,264463.0,0,0,0,1
14.72,6646.8,188.7,0.78,375257.0,0,1,0,0
20.14,12271.7,63.2,1.09,377126.0,0,0,0,1
12.41,9536.8,65.5,1.21,258841.0,0,0,0,0
12.67,7089.0,76.9,1.53,232685.0,0,0,1,0
12.44,5941.8,102.8,0.27,215168.0,0,0,0,0
12.61,6477.3,80.0,0.7,331958.0,0,0,0,0
12.41,8785.0,114.6,1.14,264647.0,0,0,0,0
16.97,7731.5,63.7,1.3,251013.0,0,0,1,0
17.55,5718.6,50.8,1.94,218975.0,0,0,1,0
12.57,7003.1,40.0,1.38,222275.0,0,0,1,0
11.92,7735.7,40.0,0.92,304004.0,1,0,0,0
15.18,1113.8,78.4,0.55,181342.0,0,0,0,0
12.62,8874.5,85.4,0.7,354615.0,0,0,0,0
15.58,4560.8,74.8,0.68,239962.0,0,0,0,0
14.51,4040.0,134.8,1.24,268777.0,0,1,0,0
10.21,2438.0,134.3,1.07,179727.0,1,1,0,0
17.87,2118.3,84.3,0.35,279073.0,0,0,0,0
18.49,3433.7,40.0,0.75,255376.0,0,0,0,0
12.47,5372.9,76.9,1.34,276244.0,0,0,1,0
13.03,13359.8,75.8,1.11,390378.0,0,0,0,1
14.71,5922.4,74.0,1.21,293327.0,0,0,0,0
14.84,8033.3,72.7,1.12,220401.0,0,0,0,0
15.65,8701.4,74.1,1.68,226651.0,0,0,1,0
19.03,7893.2,82.6,1.06,324635.0,0,0,0,0
13.56,7267.7,74.7,0.78,377402.0,0,0,0,0
12.0,3914.1,101.7,0.54,301144.0,0,0,0,0
10.55,11852.8,106.5,1.06,331653.0,1,0,0,1
12.17,12921.6,65.9,0.2,325730.0,0,0,0,1
13.92,2452.0,135.7,0.87,386430.0,0,1,0,0
18.49,4427.9,63.6,0.86,133781.0,0,0,0,0
12.71,6660.6,43.2,0.34,330041.0,0,0,0,0
14.56,4606.4,107.2,0.53,353780.0,0,0,0,0
13.96,9017.9,68.8,1.31,179596.0,0,0,1,0
16.97,5315.2,105.3,1.05,213575.0,0,0,0,0
20.32,13995.2,40.0,1.0,216191.0,0,0,0,1
12.67,11071.6,139.6,1.09,225341.0,0,1,0,1
12.78,8137.7,116.5,0.99,243871.0,0,0,0,0
16.61,10581.0,47.0,1.51,298195.0,0,0,1,0
15.7,10817.7,47.7,1.01,344926.0,0,0,0,0
18.62,5808.2,148.5,0.29,361099.0,0,1,0,0
15.46,5051.3,71.4,1.68,217163.0,0,0,1,0
13.1,7734.4,68.3,1.12,216647.0,0,0,0,0
15.48,10084.9,40.0,0.68,378687.0,0,0,0,0
16.77,7917.2,83.8,0.39,328506.0,0,0,0,0
16.05,2769.0,87.7,1.13,286215.0,0,0,0,0
15.27,5091.5,117.9,0.9,315500.0,0,0,0,0
16.67,7278.1,50.2,1.66,277765.0,0,0,1,0
16.92,7273.0,46.4,0.79,319344.0,0,0,0,0
17.46,13417.6,109.4,0.57,254795.0,0,0,0,1
15.62,3342.0,127.2,1.35,300160.0,0,1,1,0
13.58,9016.8,44.7,1.37,166709.0,0,0,1,0
14.37,11967.3,129.6,1.03,228416.0,0,1,0,1
17.02,14314.3,96.2,1.25,229224.0,0,0,0,1
11.96,6286.8,129.9,0.93,251921.0,1,1,0,0
14.92,8974.3,92.8,1.06,210512.0,0,0,0,0
13.02,9209.3,40.0,1.47,239984.0,0,0,1,0
14.07,8086.4,90.1,1.23,166419.0,0,0,0,0
17.2,7203.5,128.9,0.87,321153.0,0,1,0,0
14.48,8807.9,66.4,1.56,273811.0,0,0,1,0
14.12,1000.0,82.6,0.2,152109.0,0,0,0,0
10.6,9546.2,89.4,1.87,217388.0,1,0,1,0
15.87,7878.5,40.0,0.2,305245.0,0,0,0,0
15.61,6832.6,148.5,0.67,239273.0,0,1,0,0
19.41,13640.6,66.2,0.93,227729.0,0,0,0,1
13.23,5475.2,111.2,0.88,274406.0,0,0,0,0
14.55,6290.8,92.2,1.4,305770.0,0,0,1,0
14.62,13474.7,135.2,0.47,172274.0,0,1,0,1
17.94,5003.8,108.0,1.07,321260.0,0,0,0,0
13.76,5849.7,87.5,0.69,219978.0,0,0,0,0
14.7,7058.9,66.4,1.08,278655.0,0,0,0,0
15.52,10022.2,120.5,0.92,277343.0,0,0,0,0
14.47,8123.4,40.0,0.99,240470.0,0,0,0,0
12.88,3622.1,115.7,0.7,203226.0,0,0,0,0
14.49,5903.5,59.8,0.72,258574.0,0,0,0,0
16.68,5677.9,135.1,1.08,401900.0,0,1,0,0
11.43,7268.3,100.2,1.37,177874.0,1,0,1,0
14.33,8777.5,115.6,0.68,406923.0,0,0,0,0
12.25,8754.6,97.6,0.56,260521.0,0,0,0,0
16.99,2172.0,40.0,1.23,282653.0,0,0,0,0
10.19,10691.8,67.5,0.94,198497.0,1,0,0,0
12.6,8257.7,116.5,1.32,222155.0,0,0,1,0
14.94,11653.6,100.3,0.54,242282.0,0,0,0,1
17.91,8832.6,132.8,0.2,201573.0,0,1,0,0
13.84,10804.0,107.9,0.71,264331.0,0,0,0,0
12.61,8899.6,64.1,0.61,249474.0,0,0,0,0
18.7,11538.7,69.5,0.91,418809.0,0,0,0,1
10.38,9066.8,98.3,0.66,192552.0,1,0,0,0
8.5,7206.3,40.0,1.28,287702.0,1,0,1,0
15.1,14317.3,148.6,0.82,298588.0,0,1,0,1
12.74,10167.1,109.1,1.02,199726.0,0,0,0,0
11.45,9221.2,134.3,1.02,331512.0,1,1,0,0
15.77,3671.1,44.4,1.04,250125.0,0,0,0,0
14.61,3635.1,134.8,0.94,93071.0,0,1,0,0
12.59,8378.1,166.4,1.18,329489.0,0,1,0,0
10.8,7936.6,52.7,0.59,196229.0,1,0,0,0
16.18,5657.6,119.7,1.58,201417.0,0,0,1,0
15.63,7922.9,95.0,0.84,331593.0,0,0,0,0
13.75,12265.9,45.6,0.36,253963.0,0,0,0,1
18.62,9586.2,110.8,1.03,348833.0,0,0,0,0
11.32,4077.0,121.7,0.57,370762.0,1,0,0,0
10.19,7165.5,75.8,1.25,231630.0,1,0,0,0
12.27,5085.1,132.3,1.94,339495.0,0,1,1,0
13.89,6336.9,41.7,0.6,223340.0,0,0,0,0
14.61,6259.2,47.2,1.1,447484.0,0,0,0,0
13.4,6067.1,99.4,0.2,228028.0,0,0,0,0
14.88,3734.6,95.8,1.15,356957.0,0,0,0,0
10.87,7117.0,72.1,0.55,343284.0,1,0,0,0
17.61,5818.2,120.9,0.67,303707.0,0,0,0,0
13.79,1000.0,112.0,0.45,229709.0,0,0,0,0
16.79,13658.9,122.5,1.28,268645.0,0,0,1,1
14.86,10766.3,91.1,1.4,118481.0,0,0,1,0
15.14,6371.1,114.3,0.96,296832.0,0,0,0,0
15.42,7556.5,80.7,0.56,306221.0,0,0,0,0
15.12,3985.0,160.7,1.67,290012.0,0,1,1,0
15.61,12587.2,69.0,0.61,57002.0,0,0,0,1
17.32,13191.9,162.4,0.2,185077.0,0,1,0,1
14.49,7970.1,96.1,1.16,223893.0,0,0,0,0
15.77,10570.6,51.0,0.45,301874.0,0,0,0,0
13.78,8025.9,138.8,1.39,301700.0,0,1,1,0
17.6,3489.8,99.0,0.78,267233.0,0,0,0,0
12.31,6264.5,122.2,1.22,327643.0,0,0,0,0
18.5,7895.8,134.2,1.58,203032.0,0,1,1,0
13.9,6136.4,105.8,0.41,325768.0,0,0,0,0
10.42,6844.0,76.0,0.7,315606.0,1,0,0,0
14.32,7225.8,126.2,0.92,308317.0,0,1,0,0
12.3,7257.4,95.0,1.64,266347.0,0,0,1,0
16.1,7656.8,116.9,0.65,417306.0,0,0,0,0
12.37,4318.2,40.0,0.68,316990.0,0,0,0,0
12.88,5349.0,109.3,1.17,207375.0,0,0,0,0
9.28,3646.2,74.6,0.69,298623.0,1,0,0,0
12.87,10433.4,147.9,1.02,336436.0,0,1,0,0
7.94,1183.1,114.9,0.25,235892.0,1,0,0,0
10.04,10960.8,102.7,1.95,361695.0,1,0,1,0
15.9,11659.0,110.6,0.34,308653.0,0,0,0,1
15.96,6593.5,63.0,0.81,104314.0,0,0,0,0
15.06,1000.0,146.9,0.94,302475.0,0,1,0,0
11.58,6416.1,158.7,1.81,249548.0,1,1,1,0
13.88,7307.4,107.6,0.35,320288.0,0,0,0,0
13.99,4468.2,145.9,1.84,350816.0,0,1,1,0
11.1,5954.3,76.8,1.29,294637.0,1,0,1,0
17.76,12090.6,69.5,1.14,404894.0,0,0,0,1
16.19,9494.8,96.3,0.51,266597.0,0,0,0,0
13.45,4726.3,108.9,1.21,326861.0,0,0,0,0
14.07,2707.2,82.4,0.62,340371.0,0,0,0,0
14.52,6518.9,112.2,1.52,272699.0,0,0,1,0
8.9,6859.6,104.8,0.51,338408.0,1,0,0,0
13.38,8988.6,63.1,0.9,235400.0,0,0,0,0
12.3,5894.0,111.6,0.7,248307.0,0,0,0,0
11.5,9034.5,122.6,0.51,181563.0,1,0,0,0
13.3,13305.5,100.5,1.28,298106.0,0,0,1,1
18.49,9946.5,131.9,1.19,304394.0,0,1,0,0
15.6,7355.7,56.0,1.49,368445.0,0,0,1,0
12.57,6950.5,110.0,0.2,339336.0,0,0,0,0
15.43,6430.0,57.6,1.43,258640.0,0,0,1,0
17.5,11041.9,59.3,2.08,191637.0,0,0,1,1
16.31,5618.1,74.8,0.75,312464.0,0,0,0,0
14.15,7635.7,64.9,1.8,363306.0,0,0,1,0
12.38,7653.6,77.5,0.83,336639.0,0,0,0,0
15.75,5994.6,88.1,0.33,361336.0,0,0,0,0
14.98,3382.6,121.8,0.81,264108.0,0,0,0,0
16.24,8468.9,84.7,1.42,245004.0,0,0,1,0
15.59,7317.0,44.3,0.57,224732.0,0,0,0,0
16.62,9000.7,131.5,0.68,275808.0,0,1,0,0
12.66,5899.2,68.2,1.22,274106.0,0,0,0,0
17.29,11162.5,93.1,0.95,295501.0,0,0,0,1
14.49,4869.7,109.3,1.21,270303.0,0,0,0,0
19.19,12636.1,101.4,1.06,269978.0,0,0,0,1
12.28,2257.1,130.0,1.17,221748.0,0,1,0,0
18.34,8804.3,110.3,0.76,350621.0,0,0,0,0
14.49,8926.3,67.4,1.05,285739.0,0,0,0,0
12.37,5113.3,164.7,0.53,266917.0,0,1,0,0
12.79,8773.2,101.2,1.53,223943.0,0,0,1,0
13.2,11338.6,90.3,0.66,180107.0,0,0,0,1
15.06,1000.0,125.8,1.46,378097.0,0,1,1,0
15.31,9008.2,103.0,0.84,321598.0,0,0,0,0
12.57,1000.0,107.8,1.04,158206.0,0,0,0,0
13.94,4603.0,174.7,0.73,337236.0,0,1,0,0
19.36,12387.5,86.2,0.49,349186.0,0,0,0,1
18.32,5754.7,84.8,0.2,289328.0,0,0,0,0
15.09,3978.4,98.7,0.48,399858.0,0,0,0,0
14.1,6906.2,129.3,0.8,296254.0,0,1,0,0
14.3,13703.7,46.8,1.05,173738.0,0,0,0,1
15.53,2005.0,40.0,1.4,307388.0,0,0,1,0
11.44,4346.1,76.2,0.75,298367.0,1,0,0,0
13.36,11992.3,42.7,0.55,234753.0,0,0,0,1
9.83,13073.1,81.4,0.3,323017.0,1,0,0,1
15.0,7189.7,111.1,1.17,154925.0,0,0,0,0
15.62,3782.8,66.5,1.57,354293.0,0,0,1,0
12.79,13787.5,49.3,1.52,214141.0,0,0,1,1
17.93,12283.3,97.2,1.27,206129.0,0,0,1,1
10.94,9536.8,122.6,1.24,271463.0,1,0,0,0
10.34,5062.8,40.8,1.71,312473.0,1,0,1,0
14.56,7352.9,121.2,1.1,292294.0,0,0,0,0
16.62,7018.9,121.2,1.24,224301.0,0,0,0,0
18.21,8492.6,125.5,0.81,242043.0,0,1,0,0
12.85,11853.0,134.0,0.34,195022.0,0,1,0,1
16.7,10138.3,165.5,0.64,263149.0,0,1,0,0
13.9,4267.9,83.6,0.95,360627.0,0,0,0,0
13.57,11629.5,98.5,0.98,279680.0,0,0,0,1
16.21,8439.4,81.7,1.82,344456.0,0,0,1,0
15.63,9561.2,95.1,0.99,389155.0,0,0,0,0
10.06,11899.6,144.1,1.48,235899.0,1,1,1,1
17.69,4165.3,52.0,0.75,266007.0,0,0,0,0
17.45,7392.5,67.4,0.81,442839.0,0,0,0,0
12.44,5905.6,139.1,0.35,388326.0,0,1,0,0
14.99,2796.4,127.6,0.62,154570.0,0,1,0,0
15.24,8540.1,83.4,1.19,309036.0,0,0,0,0
14.65,15034.7,122.3,0.95,280042.0,0,0,0,1
12.62,1979.8,105.9,1.37,341984.0,0,0,1,0
12.32,7403.2,143.0,1.03,224127.0,0,1,0,0
13.94,9421.6,97.4,0.79,217029.0,0,0,0,0
16.93,7869.2,127.8,1.92,229295.0,0,1,1,0
15.36,7160.6,179.5,0.91,237105.0,0,1,0,0
13.07,3602.4,114.1,1.47,341149.0,0,0,1,0
15.93,8198.4,96.6,0.77,191410.0,0,0,0,0
6.88,5229.7,118.1,1.27,233304.0,1,0,1,0
16.87,1000.0,83.3,1.37,145824.0,0,0,1,0
9.65,11083.8,171.4,1.04,355534.0,1,1,0,1
13.09,10375.2,100.8,0.2,375327.0,0,0,0,0
11.2,7655.0,86.3,0.96,255469.0,1,0,0,0
10.76,8187.2,68.3,1.5,257654.0,1,0,1,0
16.9,10723.0,130.1,1.19,313992.0,0,1,0,0
12.83,8173.0,122.7,1.15,390586.0,0,0,0,0
14.87,10212.1,79.1,0.2,310646.0,0,0,0,0
13.88,6607.6,113.4,0.63,227684.0,0,0,0,0
15.19,11436.0,46.7,1.14,158588.0,0,0,0,1
14.19,8462.4,100.9,1.13,196366.0,0,0,0,0
10.79,8082.2,109.5,1.5,285491.0,1,0,1,0
16.49,3689.8,149.6,0.88,230850.0,0,1,0,0
12.77,8360.9,70.3,1.13,294623.0,0,0,0,0
10.11,5004.1,54.1,0.96,238531.0,1,0,0,0
12.93,5585.2,66.3,0.51,200639.0,0,0,0,0
17.75,5053.9,52.2,0.2,191723.0,0,0,0,0
16.13,4301.3,137.8,1.14,397177.0,0,1,0,0
13.13,13874.3,144.6,1.03,346674.0,0,1,0,1
13.13,11494.0,105.2,0.67,409789.0,0,0,0,1
13.2,13261.1,134.1,0.22,320496.0,0,1,0,1
19.19,3831.3,99.3,1.23,247751.0,0,0,0,0
14.95,7713.8,92.0,0.83,379251.0,0,0,0,0
15.08,3619.5,84.3,1.2,277520.0,0,0,0,0
16.58,5412.9,85.1,1.79,296563.0,0,0,1,0
14.6,4745.6,45.5,0.2,276788.0,0,0,0,0
13.35,11218.8,103.5,0.64,58982.0,0,0,0,1
13.51,6311.3,93.7,0.86,400355.0,0,0,0,0
13.82,10705.1,118.9,1.6,316825.0,0,0,1,0
13.91,9312.4,98.0,0.21,304737.0,0,0,0,0
15.82,14410.9,89.8,1.82,275367.0,0,0,1,1
14.13,3061.7,67.1,1.01,292257.0,0,0,0,0
15.83,11277.7,97.3,0.91,235204.0,0,0,0,1
13.8,10939.3,118.6,0.86,326243.0,0,0,0,0
14.2,4579.9,58.4,0.75,181968.0,0,0,0,0
9.0,10521.4,97.8,1.42,293955.0,1,0,1,0
16.29,8508.4,102.5,0.47,322118.0,0,0,0,0
14.87,6817.6,72.0,1.11,265100.0,0,0,0,0
16.5,5028.2,76.2,0.78,307815.0,0,0,0,0
6.76,5342.7,102.4,0.61,205650.0,1,0,0,0
19.22,13649.4,58.7,2.11,207563.0,0,0,1,1
13.65,7502.0,106.2,1.14,297754.0,0,0,0,0
16.77,9846.4,66.3,1.23,330891.0,0,0,0,0
11.4,5127.3,129.0,1.46,139385.0,1,1,1,0
15.53,5160.4,169.8,0.31,319152.0,0,1,0,0
11.37,10746.0,67.5,1.74,239260.0,1,0,1,0
12.44,3451.3,112.1,0.2,265540.0,0,0,0,0
18.79,6254.4,71.7,0.6,179536.0,0,0,0,0
13.52,7602.1,128.3,0.74,216129.0,0,1,0,0
14.54,7834.1,54.5,1.21,352459.0,0,0,0,0
16.18,6962.7,110.4,1.05,282465.0,0,0,0,0
15.24,8687.5,67.1,0.87,251292.0,0,0,0,0
14.38,9578.6,88.4,0.94,271263.0,0,0,0,0
14.91,9703.9,62.0,0.51,316691.0,0,0,0,0
20.01,4542.6,121.3,0.28,313037.0,0,0,0,0
13.86,6647.5,68.2,1.28,274373.0,0,0,1,0
14.5,11084.3,112.7,1.26,361972.0,0,0,1,1
16.63,10183.9,84.0,1.66,352785.0,0,0,1,0
16.76,3381.4,91.3,0.59,311003.0,0,0,0,0
16.97,8554.4,99.7,1.26,284096.0,0,0,1,0
15.6,1565.3,70.6,0.82,329299.0,0,0,0,0
11.14,7640.8,101.7,1.49,303570.0,1,0,1,0
18.08,13193.3,144.0,1.41,359560.0,0,1,1,1
11.13,4656.3,70.1,1.05,347467.0,1,0,0,0
14.76,4997.0,132.5,0.8,203631.0,0,1,0,0
12.11,9792.1,142.9,1.38,198553.0,0,1,1,0
13.84,2871.6,68.9,1.24,227406.0,0,0,0,0
14.82,5601.7,48.4,0.64,353210.0,0,0,0,0
14.8,9289.3,104.7,0.35,161777.0,0,0,0,0
15.05,5597.1,77.5,0.82,309607.0,0,0,0,0
18.03,6792.1,154.8,1.63,307191.0,0,1,1,0
15.13,9732.6,96.1,1.47,367199.0,0,0,1,0
13.39,8764.6,69.3,0.45,293525.0,0,0,0,0
16.41,8300.5,58.3,0.42,179259.0,0,0,0,0
16.97,6482.6,129.9,1.52,208048.0,0,1,1,0
10.93,8610.2,76.7,0.44,191350.0,1,0,0,0
15.49,7128.8,96.4,1.18,239654.0,0,0,0,0
15.75,8873.4,125.6,0.67,266282.0,0,1,0,0
13.26,6009.2,79.5,1.68,192592.0,0,0,1,0
17.44,6952.3,93.5,0.6,390300.0,0,0,0,0
13.62,4530.1,94.5,1.46,180604.0,0,0,1,0
14.31,7395.0,116.9,1.03,380958.0,0,0,0,0
13.57,5067.0,113.9,1.06,368887.0,0,0,0,0
14.04,4157.9,88.0,0.2,347373.0,0,0,0,0
11.26,8276.0,97.0,0.2,227968.0,1,0,0,0
10.4,8138.2,83.1,0.85,305684.0,1,0,0,0
17.99,9848.6,47.7,1.06,184197.0,0,0,0,0
11.88,6206.6,103.2,0.44,348318.0,1,0,0,0
11.52,8724.2,155.6,0.46,274451.0,1,1,0,0
8.62,9152.4,66.7,1.2,249301.0,1,0,0,0
12.4,8834.3,70.3,1.2,188219.0,0,0,0,0
10.69,5023.0,67.1,0.89,94187.0,1,0,0,0
18.11,7948.1,118.2,1.3,202109.0,0,0,1,0
16.52,8592.4,109.4,0.42,363460.0,0,0,0,0
12.28,7521.5,89.9,0.79,249787.0,0,0,0,0
19.63,1240.6,65.6,1.69,267300.0,0,0,1,0
16.45,7981.5,98.0,0.98,329167.0,0,0,0,0
13.19,14137.6,44.9,1.01,415425.0,0,0,0,1
7.75,6419.9,99.6,1.99,379375.0,1,0,1,0
19.73,5315.8,122.9,0.32,207075.0,0,0,0,0
10.53,8620.0,55.0,1.31,134307.0,1,0,1,0
9.89,8437.1,46.0,1.7,456971.0,1,0,1,0
16.56,11078.2,145.5,0.8,450174.0,0,1,0,1
20.1,3726.4,75.4,1.34,294134.0,0,0,1,0
17.46,9694.1,131.4,0.51,184713.0,0,1,0,0
15.41,9271.3,90.1,0.64,352242.0,0,0,0,0
15.49,7073.6,89.8,1.12,271901.0,0,0,0,0
16.13,8516.1,109.0,1.31,271526.0,0,0,1,0
15.9,10588.4,66.7,1.45,347084.0,0,0,1,0
14.7,10116.9,99.2,1.66,305078.0,0,0,1,0
14.26,4070.9,82.8,0.92,191064.0,0,0,0,0
13.84,9960.5,52.7,1.49,255644.0,0,0,1,0
12.12,7305.9,105.8,0.8,329586.0,0,0,0,0
13.3,7718.6,86.6,1.36,318269.0,0,0,1,0
9.77,7719.6,90.0,1.04,299651.0,1,0,0,0
13.75,7049.3,56.3,1.15,350007.0,0,0,0,0
11.53,11075.1,145.9,1.14,252871.0,1,1,0,1
11.24,7248.8,123.1,0.23,293400.0,1,0,0,0
14.45,4141.4,125.9,0.44,26832.0,0,1,0,0
17.48,6319.4,85.2,1.0,246276.0,0,0,0,0
16.3,8036.1,40.0,0.2,337293.0,0,0,0,0
10.07,11187.6,157.5,1.32,250720.0,1,1,1,1
11.53,9309.3,93.0,1.34,245033.0,1,0,1,0
16.35,4948.4,71.0,1.1,201891.0,0,0,0,0
11.54,14955.6,108.3,0.45,355252.0,1,0,0,1
13.44,8294.3,132.3,1.57,321135.0,0,1,1,0
15.38,11326.2,94.3,1.87,341906.0,0,0,1,1
11.58,7044.9,135.9,1.02,150534.0,1,1,0,0
14.26,9100.1,129.7,1.18,267966.0,0,1,0,0
10.66,10018.4,60.6,1.04,258992.0,1,0,0,0
12.5,11154.6,73.4,1.19,258957.0,0,0,0,1
14.8,10672.1,125.6,0.9,233798.0,0,1,0,0
10.02,10116.6,40.0,0.93,254042.0,1,0,0,0
15.1,6554.7,90.2,1.36,343723.0,0,0,1,0
13.95,5784.8,49.2,2.01,136536.0,0,0,1,0
15.38,8497.8,79.8,0.32,413297.0,0,0,0,0
14.56,10299.4,85.4,0.9,316288.0,0,0,0,0
17.41,6831.8,83.5,0.42,276825.0,0,0,0,0
14.31,10695.5,77.3,1.67,348013.0,0,0,1,0
12.93,11857.9,59.9,0.69,171112.0,0,0,0,1
14.31,4751.0,168.3,0.3,230147.0,0,1,0,0
15.36,4989.2,154.8,1.24,270919.0,0,1,0,0
14.12,7078.9,57.8,1.73,382417.0,0,0,1,0
14.1,8422.8,145.6,1.25,276513.0,0,1,0,0
12.25,5926.3,82.2,1.04,313754.0,0,0,0,0
12.34,11556.6,99.1,1.13,235782.0,0,0,0,1
10.49,8772.2,93.0,1.59,316513.0,1,0,1,0
18.37,7618.3,73.9,0.56,405793.0,0,0,0,0
10.89,3192.3,126.5,0.9,354665.0,1,1,0,0
12.27,3552.6,99.0,0.75,273891.0,0,0,0,0
12.2,8343.0,79.8,0.42,330662.0,0,0,0,0
16.24,1102.2,53.3,0.8,323314.0,0,0,0,0
13.26,10537.9,66.4,1.45,317994.0,0,0,1,0
17.12,7025.5,42.5,1.2,363397.0,0,0,0,0
12.32,17229.3,95.4,1.24,362836.0,0,0,0,1
14.7,14423.7,56.7,1.02,270463.0,0,0,0,1
11.91,6955.7,86.5,1.19,328141.0,1,0,0,0
19.36,7181.0,138.8,0.59,251268.0,0,1,0,0
11.03,10486.7,133.4,0.81,210770.0,1,1,0,0
14.77,12609.5,94.0,1.04,259788.0,0,0,0,1
15.58,2585.9,92.2,1.07,274279.0,0,0,0,0
15.03,2140.9,155.2,1.09,155381.0,0,1,0,0
13.54,5633.9,111.7,0.89,344525.0,0,0,0,0
13.68,9248.2,84.5,0.78,72451.0,0,0,0,0
14.11,8990.6,49.4,2.37,483611.0,0,0,1,0
13.63,10709.3,107.6,1.36,392641.0,0,0,1,0
16.41,3900.9,121.5,1.14,260424.0,0,0,0,0
19.53,1000.0,74.8,0.85,280707.0,0,0,0,0
12.61,10074.0,104.3,0.75,302723.0,0,0,0,0
10.58,5015.4,83.4,0.89,235813.0,1,0,0,0
13.78,1444.5,89.1,1.08,294446.0,0,0,0,0
20.45,7935.2,40.0,0.2,269200.0,0,0,0,0
11.99,9879.5,87.9,0.24,272930.0,1,0,0,0
18.1,7133.8,126.0,0.66,293610.0,0,1,0,0
18.19,6126.5,74.8,1.04,181485.0,0,0,0,0
12.62,7021.9,96.7,0.84,282968.0,0,0,0,0
15.42,6388.3,70.8,1.62,292259.0,0,0,1,0
18.07,3455.9,106.5,0.28,289664.0,0,0,0,0
13.05,5356.0,88.1,0.61,263813.0,0,0,0,0
13.49,9063.8,64.9,1.63,365339.0,0,0,1,0
12.55,8465.0,137.6,1.01,253476.0,0,1,0,0
11.46,8004.2,124.7,1.35,297049.0,1,0,1,0
12.38,4514.6,75.6,1.87,377297.0,0,0,1,0
10.94,6955.5,110.9,0.64,274047.0,1,0,0,0
14.09,1000.0,112.2,0.91,296085.0,0,0,0,0
12.08,8035.4,115.6,0.83,272771.0,0,0,0,0
14.58,11786.6,40.8,0.2,372803.0,0,0,0,1
10.11,3077.6,127.2,0.81,260671.0,1,1,0,0
14.83,5742.2,76.8,1.35,376252.0,0,0,1,0
16.08,8487.3,83.5,1.19,272231.0,0,0,0,0
9.02,11258.5,179.4,1.23,215541.0,1,1,0,1
14.94,6155.3,104.7,0.78,330953.0,0,0,0,0
17.07,5423.2,82.6,0.65,257150.0,0,0,0,0
10.98,1593.2,40.0,1.52,326538.0,1,0,1,0
18.18,7810.3,139.5,0.73,75295.0,0,1,0,0
15.05,13626.2,52.0,1.08,280390.0,0,0,0,1
12.24,8332.1,62.9,1.02,245530.0,0,0,0,0
13.86,7433.2,84.4,1.61,200256.0,0,0,1,0
15.4,8466.2,140.3,1.39,238507.0,0,1,1,0
14.19,7466.7,119.7,0.37,236972.0,0,0,0,0
15.35,5061.0,89.9,0.42,276401.0,0,0,0,0
11.7,9969.8,104.9,1.21,177451.0,1,0,0,0
14.42,8177.3,75.8,0.92,303721.0,0,0,0,0
10.47,7552.8,99.5,0.75,382466.0,1,0,0,0
13.72,4573.9,97.3,1.41,301070.0,0,0,1,0
11.74,11410.5,126.0,1.03,340674.0,1,1,0,1
12.16,9494.1,125.9,0.97,362092.0,0,1,0,0
17.09,5841.2,110.8,1.3,372737.0,0,0,1,0
16.73,10505.5,83.4,0.78,420260.0,0,0,0,0
15.52,6007.3,118.7,1.66,242560.0,0,0,1,0
11.27,5154.0,92.1,0.6,226114.0,1,0,0,0
13.21,5220.9,60.4,1.25,338760.0,0,0,0,0
17.03,2186.8,82.1,1.6,333120.0,0,0,1,0
14.35,8914.6,97.7,0.33,338176.0,0,0,0,0
19.8,2006.6,124.1,0.8,421696.0,0,0,0,0
14.98,3814.7,89.1,1.46,280853.0,0,0,1,0
14.48,1273.2,56.3,1.47,311962.0,0,0,1,0
13.23,7241.8,96.8,0.87,206471.0,0,0,0,0
14.33,7049.0,98.6,0.62,440149.0,0,0,0,0
13.62,6519.9,100.9,1.38,254759.0,0,0,1,0
15.77,4372.3,124.4,1.48,256884.0,0,0,1,0
16.39,3983.3,127.6,0.43,253994.0,0,1,0,0
12.04,8893.1,76.0,0.41,231633.0,0,0,0,0
10.67,5848.3,75.3,1.05,225292.0,1,0,0,0
9.41,8449.1,61.7,1.23,240722.0,1,0,0,0
15.27,4844.3,117.4,0.82,177565.0,0,0,0,0
11.24,8043.2,141.4,1.26,221101.0,1,1,1,0
8.62,11409.8,84.9,0.63,426172.0,1,0,0,1
14.97,9258.5,87.3,0.2,335174.0,0,0,0,0
20.23,6262.8,141.9,0.76,349443.0,0,1,0,0
13.98,8271.6,111.2,0.98,368291.0,0,0,0,0
16.1,6778.0,109.0,0.83,417560.0,0,0,0,0
14.2,7523.6,56.9,0.43,147143.0,0,0,0,0
13.75,6523.2,116.7,0.2,187759.0,0,0,0,0
16.3,7007.0,65.3,0.72,219721.0,0,0,0,0
13.27,8136.3,58.7,1.35,244770.0,0,0,1,0
14.67,4519.9,83.9,1.52,257457.0,0,0,1,0
14.8,4452.4,76.3,1.48,246477.0,0,0,1,0
12.33,3334.4,87.9,0.58,296448.0,0,0,0,0
16.48,2699.2,48.9,0.43,282647.0,0,0,0,0
13.56,3848.2,125.7,1.17,225787.0,0,1,0,0
12.11,7978.4,131.1,1.24,116834.0,0,1,0,0
15.34,4821.6,40.0,1.13,205535.0,0,0,0,0
11.75,9040.8,126.3,0.2,238807.0,1,1,0,0
14.07,7604.1,69.1,0.56,261469.0,0,0,0,0
13.98,1594.5,122.4,0.94,195275.0,0,0,0,0
16.71,9464.9,92.8,1.17,243190.0,0,0,0,0
15.19,9932.4,95.9,1.3,195176.0,0,0,1,0
13.94,4518.4,89.1,1.01,270564.0,0,0,0,0
16.04,8760.6,133.8,1.1,199518.0,0,1,0,0
17.48,4930.5,55.3,0.99,216332.0,0,0,0,0
15.39,7793.0,114.5,1.26,181849.0,0,0,1,0
14.03,3706.5,130.2,1.09,268487.0,0,1,0,0
10.72,2120.7,117.9,0.98,215016.0,1,0,0,0
11.34,6351.5,169.4,0.83,348009.0,1,1,0,0
13.24,7128.8,78.1,0.99,310439.0,0,0,0,0
12.48,6307.0,125.6,1.17,274761.0,0,1,0,0
13.53,3947.9,91.6,1.07,220189.0,0,0,0,0
14.14,6300.3,134.5,1.12,308539.0,0,1,0,0
15.32,8307.9,94.8,1.55,331803.0,0,0,1,0
13.82,7365.3,82.6,1.07,290702.0,0,0,0,0
15.22,8047.5,136.8,0.66,400278.0,0,1,0,0
14.16,5489.7,79.3,1.35,314473.0,0,0,1,0
9.06,11015.2,49.8,0.34,348521.0,1,0,0,1
11.65,3971.5,78.5,0.46,290017.0,1,0,0,0
13.64,8962.7,114.8,1.1,330675.0,0,0,0,0
10.98,11045.7,139.5,1.18,220241.0,1,1,0,1
15.5,8942.7,98.6,0.39,245620.0,0,0,0,0
17.83,6892.4,137.2,0.78,306202.0,0,1,0,0
17.05,5915.1,51.5,0.68,305657.0,0,0,0,0
13.47,10608.3,80.8,0.73,318071.0,0,0,0,0
17.73,3231.1,85.8,1.37,362529.0,0,0,1,0
14.37,4589.6,91.3,1.27,173127.0,0,0,1,0
13.16,6307.3,97.7,0.94,206916.0,0,0,0,0
12.47,11213.0,117.1,0.7,297218.0,0,0,0,1
13.24,8639.3,80.8,0.34,225673.0,0,0,0,0
13.03,4595.9,99.4,1.59,533333.0,0,0,1,0
14.43,6569.1,93.6,1.22,318679.0,0,0,0,0
14.4,5657.0,65.4,0.63,274125.0,0,0,0,0
14.01,5370.6,91.4,1.27,241340.0,0,0,1,0
15.09,10436.7,90.4,0.92,243988.0,0,0,0,0
16.98,3384.8,89.7,0.82,282261.0,0,0,0,0
16.37,12326.3,96.0,1.15,288399.0,0,0,0,1
10.29,9984.7,97.4,0.62,245748.0,1,0,0,0
7.62,10772.6,81.2,0.8,259514.0,1,0,0,0
16.34,6111.2,135.7,1.0,380821.0,0,1,0,0
10.58,7050.2,57.6,0.73,383838.0,1,0,0,0
13.44,3200.5,71.9,1.25,298903.0,0,0,0,0
11.07,5926.0,184.0,1.79,179406.0,1,1,1,0
9.5,8981.0,61.8,0.61,320388.0,1,0,0,0
15.35,11388.2,51.7,0.2,396571.0,0,0,0,1
15.9,4178.5,118.5,0.2,382734.0,0,0,0,0
12.56,6403.5,40.0,0.88,335082.0,0,0,0,0
7.52,7046.1,87.5,0.65,386682.0,1,0,0,0
12.63,3312.6,163.7,1.04,284004.0,0,1,0,0
14.98,9274.0,45.6,1.01,327108.0,0,0,0,0
10.3,5328.0,40.0,0.23,228942.0,1,0,0,0
14.46,6913.8,47.0,0.2,301920.0,0,0,0,0
13.96,6144.2,123.7,1.08,379715.0,0,0,0,0
15.45,5132.0,131.0,1.01,235793.0,0,1,0,0
14.3,7478.9,78.6,0.76,215392.0,0,0,0,0
11.57,6853.2,116.9,0.2,287312.0,1,0,0,0
16.99,6384.4,139.5,1.16,263000.0,0,1,0,0
13.6,5314.6,152.2,1.52,328686.0,0,1,1,0
13.93,8458.6,87.1,1.08,246006.0,0,0,0,0
11.67,12460.9,40.0,0.57,408883.0,1,0,0,1
12.89,7919.7,68.7,0.97,183274.0,0,0,0,0
11.79,10488.4,81.3,0.34,374030.0,1,0,0,0
13.57,3329.3,86.7,1.43,222636.0,0,0,1,0
18.28,7973.3,89.0,0.99,145301.0,0,0,0,0
10.57,4207.9,130.8,0.2,297841.0,1,1,0,0
9.97,3069.2,135.8,0.81,260904.0,1,1,0,0
17.68,5281.9,89.5,1.16,196779.0,0,0,0,0
13.48,11075.7,130.2,0.8,153897.0,0,1,0,1
12.33,10350.0,106.4,0.83,279373.0,0,0,0,0
16.6,8229.0,97.1,0.4,353188.0,0,0,0,0
12.49,2901.9,124.0,1.2,323872.0,0,0,0,0
18.57,6911.2,97.3,0.66,284253.0,0,0,0,0
15.69,8405.1,160.8,0.2,315914.0,0,1,0,0
12.78,8026.6,49.0,0.78,277959.0,0,0,0,0
19.39,1968.6,78.5,1.39,172771.0,0,0,1,0
12.49,4829.0,91.0,0.78,173433.0,0,0,0,0
15.86,7307.8,109.1,1.73,264762.0,0,0,1,0
14.75,9108.9,135.6,1.14,267951.0,0,1,0,0
17.25,1000.0,94.2,1.1,343824.0,0,0,0,0
17.9,7013.6,49.5,0.89,336798.0,0,0,0,0
14.08,7929.1,122.0,0.92,325385.0,0,0,0,0
12.12,10048.8,119.2,0.83,258979.0,0,0,0,0
15.15,9578.6,40.0,0.81,176451.0,0,0,0,0
12.31,9247.7,94.9,1.19,310905.0,0,0,0,0
19.03,5100.2,44.1,0.53,319388.0,0,0,0,0
14.34,1776.0,73.7,0.47,100860.0,0,0,0,0
13.09,6320.8,66.1,0.44,217425.0,0,0,0,0
14.46,10504.9,120.9,1.87,228171.0,0,0,1,0
10.63,11680.4,98.7,1.19,288876.0,1,0,0,1
11.57,9631.6,53.9,1.09,219748.0,1,0,0,0
17.0,8788.0,123.2,0.47,277140.0,0,0,0,0
12.36,8638.9,49.1,1.23,264210.0,0,0,0,0
11.38,5831.6,105.6,0.9,268064.0,1,0,0,0
15.34,7109.8,69.0,1.05,226270.0,0,0,0,0
16.96,12507.2,83.3,0.51,232076.0,0,0,0,1
15.8,4672.3,111.1,1.02,198980.0,0,0,0,0
16.49,12344.3,111.7,0.76,308505.0,0,0,0,1
12.11,6533.9,137.8,0.61,322833.0,0,1,0,0
10.45,11476.3,92.4,1.28,222204.0,1,0,1,1
17.75,3279.6,104.8,0.26,394048.0,0,0,0,0
13.19,9257.7,81.0,1.2,256405.0,0,0,0,0
13.37,5289.7,100.8,1.26,394764.0,0,0,1,0
17.32,3254.2,109.1,0.55,231840.0,0,0,0,0
15.39,8155.6,91.9,0.58,128007.0,0,0,0,0
15.14,10528.4,40.0,0.85,310165.0,0,0,0,0
19.41,4965.2,105.6,1.08,298641.0,0,0,0,0
12.39,3003.0,106.7,0.88,282580.0,0,0,0,0
16.32,7224.5,73.2,1.15,231833.0,0,0,0,0
14.14,7237.7,53.9,1.74,277407.0,0,0,1,0
14.67,9145.0,142.2,0.72,241656.0,0,1,0,0
17.82,10348.8,110.7,0.2,257324.0,0,0,0,0
15.27,7321.8,87.7,1.32,343122.0,0,0,1,0
15.35,13066.5,58.6,1.71,293816.0,0,0,1,1
16.68,8172.7,68.7,1.13,325746.0,0,0,0,0
13.09,6460.7,136.7,0.46,262610.0,0,1,0,0
11.9,2665.3,99.4,0.89,254349.0,1,0,0,0
11.39,6712.0,77.4,0.45,193489.0,1,0,0,0
9.08,6490.8,111.3,1.24,252247.0,1,0,0,0
19.14,10380.9,68.9,0.34,30916.0,0,0,0,0
11.24,8887.5,143.0,0.81,235733.0,1,1,0,0
13.45,3961.9,138.3,0.5,273859.0,0,1,0,0
13.31,8016.8,80.1,1.01,322276.0,0,0,0,0
14.77,9514.6,74.9,0.79,259849.0,0,0,0,0
16.04,12084.1,40.0,1.03,306076.0,0,0,0,1
16.15,10162.5,47.6,0.96,116516.0,0,0,0,0
12.54,9782.5,52.1,0.51,275737.0,0,0,0,0
13.58,7680.3,99.3,1.23,154037.0,0,0,0,0
14.71,8664.9,84.6,0.93,189377.0,0,0,0,0
13.38,11248.5,51.9,0.51,265963.0,0,0,0,1
18.02,3501.7,86.0,1.96,375720.0,0,0,1,0
15.23,6451.7,111.2,1.16,307841.0,0,0,0,0
15.84,5182.3,111.9,0.88,281367.0,0,0,0,0
15.66,8637.5,40.0,1.59,278535.0,0,0,1,0
16.93,11190.7,90.9,1.78,226478.0,0,0,1,1
14.45,5709.1,50.7,0.88,239201.0,0,0,0,0
10.76,1000.0,123.9,1.11,312053.0,1,0,0,0
15.0,6263.3,120.1,0.51,176098.0,0,0,0,0
12.37,10240.4,66.3,0.88,324479.0,0,0,0,0
12.68,9112.9,70.5,0.86,250862.0,0,0,0,0
15.47,8784.6,80.2,1.03,341917.0,0,0,0,0
17.1,6660.0,40.0,1.1,352082.0,0,0,0,0
14.05,3662.9,105.8,1.2,154519.0,0,0,0,0
14.77,9045.9,86.3,1.06,236381.0,0,0,0,0
18.26,4997.2,126.0,0.41,215835.0,0,1,0,0
14.6,14052.3,59.9,0.53,144045.0,0,0,0,1
20.5,9211.5,75.2,0.7,202560.0,0,0,0,0
15.41,5758.1,46.8,0.82,463094.0,0,0,0,0
9.6,5665.8,62.9,1.42,325713.0,1,0,1,0
15.88,7221.2,57.2,0.43,423797.0,0,0,0,0
14.95,6781.5,126.9,0.79,342182.0,0,1,0,0
17.22,10850.5,72.7,1.38,224362.0,0,0,1,0
15.68,8059.2,99.0,0.82,251367.0,0,0,0,0
13.65,5305.1,82.8,1.16,324133.0,0,0,0,0
10.94,13171.3,54.4,0.89,312813.0,1,0,0,1
13.48,7647.9,89.6,1.07,236699.0,0,0,0,0
11.87,9806.5,114.2,0.85,166751.0,1,0,0,0
12.55,5675.3,56.4,1.25,526582.0,0,0,0,0
15.47,8589.3,120.9,0.25,269414.0,0,0,0,0
18.17,8433.3,67.8,0.79,255570.0,0,0,0,0
14.99,1831.1,79.5,1.08,288500.0,0,0,0,0
11.01,13545.8,112.0,1.19,261795.0,1,0,0,1
15.11,11371.9,73.8,1.62,289205.0,0,0,1,1
16.99,6308.4,96.2,0.77,376521.0,0,0,0,0
12.48,4193.2,84.9,1.62,270659.0,0,0,1,0
13.66,8542.7,99.1,0.65,192797.0,0,0,0,0
14.04,7760.1,40.0,1.55,267877.0,0,0,1,0
12.04,8567.0,40.0,1.32,245170.0,0,0,1,0
15.62,8074.7,114.7,0.54,386792.0,0,0,0,0
13.7,9018.7,128.2,1.09,367834.0,0,1,0,0
15.05,11841.9,65.9,0.93,288064.0,0,0,0,1
11.78,9204.3,87.2,1.23,184095.0,1,0,0,0
12.91,4351.0,104.4,0.85,188058.0,0,0,0,0
15.81,11587.7,117.2,0.81,281134.0,0,0,0,1
13.07,12421.8,40.0,1.57,305224.0,0,0,1,1
18.32,16956.2,66.6,0.91,251903.0,0,0,0,1
13.0,4129.5,84.4,1.32,243987.0,0,0,1,0
14.56,8228.6,117.5,0.85,235540.0,0,0,0,0
16.33,1253.7,174.9,1.7,278245.0,0,1,1,0
10.45,9159.4,87.7,0.64,101293.0,1,0,0,0
9.6,5855.4,50.0,0.67,197401.0,1,0,0,0
10.19,13270.3,107.9,1.64,232971.0,1,0,1,1
17.16,5176.2,137.3,0.75,370563.0,0,1,0,0
12.62,2432.5,98.5,1.67,218964.0,0,0,1,0
20.4,6086.2,66.0,1.35,293535.0,0,0,1,0
12.59,1573.5,125.7,0.88,296991.0,0,1,0,0
14.46,9753.3,116.2,0.2,377344.0,0,0,0,0
17.86,1304.8,62.2,0.94,374693.0,0,0,0,0
19.02,7585.4,107.2,1.0,275687.0,0,0,0,0
19.15,1266.6,126.9,1.48,244339.0,0,1,1,0
17.02,6539.1,132.8,1.66,230213.0,0,1,1,0
16.56,12430.1,92.9,0.64,261920.0,0,0,0,1
15.48,8581.9,83.5,1.31,247447.0,0,0,1,0
15.95,4909.5,134.3,1.29,321522.0,0,1,1,0
12.62,7406.4,56.3,1.43,311523.0,0,0,1,0
11.95,7554.1,109.0,1.17,324385.0,1,0,0,0
13.99,8917.9,51.2,0.2,374446.0,0,0,0,0
13.57,3399.4,129.1,0.88,419715.0,0,1,0,0
12.87,9277.7,86.7,0.43,289350.0,0,0,0,0
15.74,1000.0,135.6,0.86,362460.0,0,1,0,0
16.39,5610.3,110.7,1.39,253625.0,0,0,1,0
14.22,6035.2,55.9,1.09,368876.0,0,0,0,0
17.69,9400.0,140.6,1.47,359613.0,0,1,1,0
11.15,7567.9,144.6,1.1,355631.0,1,1,0,0
13.52,3283.3,123.2,0.37,287055.0,0,0,0,0
12.21,4545.0,70.6,0.2,229873.0,0,0,0,0
9.33,8096.0,85.2,1.02,175410.0,1,0,0,0
13.79,7262.8,99.7,0.85,276997.0,0,0,0,0
13.7,5762.6,72.5,0.51,394976.0,0,0,0,0
17.78,6057.5,149.2,0.2,256762.0,0,1,0,0
15.58,9588.5,99.6,0.62,338884.0,0,0,0,0
11.44,5946.9,40.0,0.86,343296.0,1,0,0,0
18.64,7235.7,105.9,1.25,258724.0,0,0,0,0
17.05,14009.8,83.9,1.03,378726.0,0,0,0,1
15.46,3229.0,92.6,1.67,61850.0,0,0,1,0
13.43,1944.5,83.2,0.48,188294.0,0,0,0,0
11.6,9850.8,120.8,1.35,211328.0,1,0,1,0
13.07,5464.1,130.8,0.97,218521.0,0,1,0,0
16.72,6545.3,104.1,1.26,305220.0,0,0,1,0
18.71,5156.5,84.1,0.75,301753.0,0,0,0,0
17.86,6720.6,93.7,1.43,309549.0,0,0,1,0
12.78,12295.6,95.6,1.08,324706.0,0,0,0,1
11.2,9906.4,69.3,0.64,208742.0,1,0,0,0
14.35,10086.7,113.5,0.94,188637.0,0,0,0,0
9.58,3251.3,109.7,0.84,309724.0,1,0,0,0
14.81,4046.5,144.3,1.17,232733.0,0,1,0,0
13.63,1000.0,135.2,0.42,162214.0,0,1,0,0
12.83,5071.9,73.1,0.94,352851.0,0,0,0,0
10.01,10370.1,121.2,1.13,384633.0,1,0,0,0
15.28,9050.8,64.6,0.96,396787.0,0,0,0,0
12.67,6835.5,117.3,1.56,294026.0,0,0,1,0
11.08,7433.1,78.5,1.3,326945.0,1,0,1,0
6.82,5433.3,62.3,0.95,382740.0,1,0,0,0
13.93,8114.3,104.0,1.05,231894.0,0,0,0,0
18.43,9797.6,40.0,1.08,363301.0,0,0,0,0
18.15,2652.3,40.0,1.13,300655.0,0,0,0,0
12.86,8398.9,89.3,0.2,348528.0,0,0,0,0
12.49,10297.3,97.6,0.81,293957.0,0,0,0,0
15.17,6254.7,83.2,0.28,377219.0,0,0,0,0
11.5,9602.1,44.5,1.53,296764.0,1,0,1,0
14.75,15944.0,68.8,0.92,168702.0,0,0,0,1
15.92,7187.0,107.5,0.86,388894.0,0,0,0,0
17.07,8679.9,113.6,1.35,208935.0,0,0,1,0
13.75,5285.8,94.5,1.14,373979.0,0,0,0,0
13.49,8043.8,132.0,0.44,273232.0,0,1,0,0
11.81,8880.8,107.7,0.92,368201.0,1,0,0,0
11.93,8084.5,71.1,0.8,365108.0,1,0,0,0
13.43,4440.9,86.0,0.2,312261.0,0,0,0,0
14.92,8119.1,50.1,0.64,318140.0,0,0,0,0
16.28,11886.6,91.5,0.87,311697.0,0,0,0,1
11.99,8845.9,130.6,0.9,128963.0,1,1,0,0
17.73,10386.0,116.9,0.28,288875.0,0,0,0,0
13.32,6789.0,139.9,1.47,196295.0,0,1,1,0
13.95,9749.7,85.3,0.9,292839.0,0,0,0,0
12.13,8337.8,138.1,0.97,194279.0,0,1,0,0
7.94,4647.3,88.8,1.13,191129.0,1,0,0,0
16.21,8455.6,142.1,0.6,400370.0,0,1,0,0
15.84,4524.9,94.3,1.16,360209.0,0,0,0,0
13.3,5601.4,117.6,0.78,279689.0,0,0,0,0
14.17,8068.0,142.2,0.55,293858.0,0,1,0,0
15.29,8391.7,88.8,1.21,261406.0,0,0,0,0
10.09,3932.3,102.0,1.62,322741.0,1,0,1,0
12.68,10662.0,136.2,1.28,229296.0,0,1,1,0
15.99,9216.0,90.7,1.37,354531.0,0,0,1,0
10.86,5385.8,52.7,0.72,261018.0,1,0,0,0
14.73,2887.2,163.6,0.23,248511.0,0,1,0,0
10.61,7065.3,80.0,1.62,281628.0,1,0,1,0
15.17,6162.2,100.1,1.87,235664.0,0,0,1,0
13.91,7839.4,132.0,1.64,304651.0,0,1,1,0
9.96,6410.7,75.5,0.8,239698.0,1,0,0,0
16.91,1477.6,62.7,0.43,315139.0,0,0,0,0
12.16,6335.0,103.1,0.47,371200.0,0,0,0,0
11.97,6583.1,40.0,0.2,226051.0,1,0,0,0
14.5,9401.0,85.8,0.9,270207.0,0,0,0,0
16.87,5405.4,102.8,1.67,314600.0,0,0,1,0
11.46,12536.0,86.4,0.89,247311.0,1,0,0,1
14.15,1765.1,45.6,1.09,314824.0,0,0,0,0
15.07,11433.5,146.0,1.57,321655.0,0,1,1,1
15.73,6827.0,98.3,0.77,361245.0,0,0,0,0
14.44,10078.8,140.8,1.87,234551.0,0,1,1,0
13.08,7739.4,86.7,1.85,209292.0,0,0,1,0
11.93,10918.7,66.8,0.89,256932.0,1,0,0,0
14.22,6337.9,103.6,0.69,207419.0,0,0,0,0
11.32,4204.1,88.1,1.26,322337.0,1,0,1,0
6.7,11761.5,57.3,0.79,192869.0,1,0,0,1
15.09,7159.6,142.0,0.43,454976.0,0,1,0,0
16.26,8164.7,75.1,1.53,377195.0,0,0,1,0
8.09,11204.3,40.0,1.5,280943.0,1,0,1,1
11.48,4404.1,137.5,1.02,345055.0,1,1,0,0
15.55,9286.5,78.9,0.38,157240.0,0,0,0,0
19.14,5730.3,75.5,0.4,469253.0,0,0,0,0
14.05,7103.5,40.0,1.0,235734.0,0,0,0,0
12.18,7716.8,150.7,0.73,270963.0,0,1,0,0
13.54,2999.3,53.7,0.8,140805.0,0,0,0,0
17.44,5163.5,96.9,1.41,316472.0,0,0,1,0
12.39,11553.2,124.2,1.28,197024.0,0,0,1,1
12.0,10158.6,108.5,1.57,287624.0,0,0,1,0
12.79,7312.1,93.1,0.5,239179.0,0,0,0,0
11.62,8229.4,40.5,0.8,199169.0,1,0,0,0
14.31,6617.3,69.1,1.29,219673.0,0,0,1,0
18.06,11569.8,101.0,1.15,296934.0,0,0,0,1
14.81,6898.9,69.8,1.64,183888.0,0,0,1,0
13.37,8195.5,101.5,1.14,223839.0,0,0,0,0
13.27,10938.1,116.8,1.78,329746.0,0,0,1,0
10.09,5167.9,125.8,1.19,475186.0,1,1,0,0
16.21,12176.4,55.8,1.43,315819.0,0,0,1,1
13.81,2908.6,165.3,0.8,211205.0,0,1,0,0
13.55,12388.9,119.6,0.96,252466.0,0,0,0,1
21.98,6382.0,94.9,1.36,282369.0,0,0,1,0
14.75,6771.9,129.9,1.68,253793.0,0,1,1,0
12.12,1830.0,170.7,1.28,347729.0,0,1,1,0
12.93,6135.6,49.0,0.91,296311.0,0,0,0,0
16.87,4380.6,87.8,1.57,348089.0,0,0,1,0
14.28,5677.1,40.0,0.2,256417.0,0,0,0,0
10.4,7088.1,101.2,0.31,379413.0,1,0,0,0
16.3,10373.4,106.7,1.26,267514.0,0,0,1,0
12.33,8122.8,93.7,0.96,207161.0,0,0,0,0
18.68,8423.0,74.1,1.22,443299.0,0,0,0,0
16.7,4213.4,40.0,0.98,143127.0,0,0,0,0
12.88,4857.7,107.0,1.21,224595.0,0,0,0,0
17.2,12896.2,141.6,0.58,232973.0,0,1,0,1
14.17,5294.4,76.1,1.21,468123.0,0,0,0,0
16.13,12468.6,109.1,1.4,415514.0,0,0,1,1
15.21,6770.8,44.8,1.5,392045.0,0,0,1,0
11.88,7506.9,109.6,1.86,255201.0,1,0,1,0
12.39,10711.1,82.4,1.06,461963.0,0,0,0,0
16.57,11315.7,70.6,1.07,307626.0,0,0,0,1
13.16,7167.6,70.7,0.26,353295.0,0,0,0,0
12.99,6335.3,82.4,0.71,293477.0,0,0,0,0
11.61,7332.2,107.2,0.86,276290.0,1,0,0,0
15.06,8513.9,53.0,1.42,261117.0,0,0,1,0
19.16,10173.9,82.3,0.68,264277.0,0,0,0,0
11.33,7512.7,93.7,1.31,325637.0,1,0,1,0
14.06,9356.7,59.8,0.95,307540.0,0,0,0,0
17.53,12415.1,152.5,0.87,277640.0,0,1,0,1
13.8,8643.9,67.7,1.06,393214.0,0,0,0,0
15.13,8435.0,73.6,0.77,57494.0,0,0,0,0
11.34,2943.3,63.7,0.76,318242.0,1,0,0,0
15.07,1000.0,152.6,0.2,333830.0,0,1,0,0
13.53,8665.1,112.7,0.84,366022.0,0,0,0,0
16.46,7215.5,65.0,0.73,275135.0,0,0,0,0
16.97,5955.7,130.4,0.72,295594.0,0,1,0,0
20.47,8230.6,101.4,1.14,353946.0,0,0,0,0
15.45,7318.8,103.2,1.25,391837.0,0,0,0,0
14.81,10883.3,84.0,1.05,257460.0,0,0,0,0
14.49,7758.3,71.0,1.4,300023.0,0,0,1,0
13.12,5259.2,105.8,1.21,405893.0,0,0,0,0
14.85,10470.5,77.6,0.82,120698.0,0,0,0,0
13.26,6848.6,153.1,0.74,228249.0,0,1,0,0
14.42,9079.6,54.4,1.09,389938.0,0,0,0,0
17.29,6067.8,144.2,1.21,361940.0,0,1,0,0
11.48,5550.5,91.4,1.58,319183.0,1,0,1,0
16.85,7752.5,104.6,1.49,246355.0,0,0,1,0
17.29,7538.5,121.7,0.71,213864.0,0,0,0,0
13.7,8939.5,74.8,0.9,235659.0,0,0,0,0
8.7,6694.1,122.7,1.25,396101.0,1,0,0,0
12.48,1990.9,40.0,1.43,232867.0,0,0,1,0
17.24,6201.7,72.0,1.37,287607.0,0,0,1,0
13.94,9881.5,65.4,0.92,223472.0,0,0,0,0
11.5,6607.9,54.9,0.39,343208.0,1,0,0,0
12.74,6760.8,88.1,0.5,239596.0,0,0,0,0
16.1,10459.1,107.3,1.07,272680.0,0,0,0,0
15.37,5364.1,117.5,1.1,153746.0,0,0,0,0
13.4,2871.6,102.7,0.46,158997.0,0,0,0,0
13.08,7018.1,73.7,0.97,280575.0,0,0,0,0
13.02,6047.5,106.8,1.23,180613.0,0,0,0,0
11.69,4601.3,99.0,0.43,437881.0,1,0,0,0
18.04,6973.9,125.0,1.45,125386.0,0,0,1,0
13.19,8974.5,119.9,0.78,219987.0,0,0,0,0
17.04,7472.1,96.0,1.52,281253.0,0,0,1,0
17.8,8420.9,66.3,0.71,252615.0,0,0,0,0
16.5,12940.2,74.1,0.49,197189.0,0,0,0,1
12.92,6471.4,77.4,0.74,208155.0,0,0,0,0
15.01,8335.0,84.9,0.91,205701.0,0,0,0,0
13.94,5972.4,103.6,0.78,258496.0,0,0,0,0
11.74,4960.9,117.9,0.85,426395.0,1,0,0,0
14.81,5745.3,93.4,1.1,285845.0,0,0,0,0
11.05,6063.7,95.5,0.87,368718.0,1,0,0,0
16.97,8578.4,99.6,0.92,318023.0,0,0,0,0
12.84,14547.2,78.5,0.2,363540.0,0,0,0,1
14.5,5351.9,65.4,1.13,70003.0,0,0,0,0
14.71,6250.1,40.0,0.91,257166.0,0,0,0,0
13.35,7310.6,72.8,1.67,378035.0,0,0,1,0
15.47,8687.4,110.1,0.53,237120.0,0,0,0,0
12.81,8290.7,72.5,0.2,412185.0,0,0,0,0
16.18,11352.3,87.4,1.23,391292.0,0,0,0,1
10.64,1000.0,109.9,1.11,244815.0,1,0,0,0
14.32,1000.0,111.7,0.5,242263.0,0,0,0,0
18.85,6012.4,60.5,0.26,203980.0,0,0,0,0
11.5,10791.9,126.9,1.64,232780.0,1,1,1,0
12.31,2803.1,131.1,1.59,187556.0,0,1,1,0
15.28,1000.0,58.8,0.2,312161.0,0,0,0,0
14.45,9213.5,68.6,0.74,170797.0,0,0,0,0
14.88,8231.0,133.1,1.7,325280.0,0,1,1,0
15.22,4229.4,90.3,0.74,327106.0,0,0,0,0
15.59,4543.4,40.0,0.73,155410.0,0,0,0,0
16.77,4590.8,50.2,0.82,396236.0,0,0,0,0
15.02,7831.6,87.0,0.45,318521.0,0,0,0,0
13.4,5621.1,57.8,0.2,336227.0,0,0,0,0
15.68,8982.2,81.8,1.42,223100.0,0,0,1,0
18.75,1000.0,96.0,0.2,326678.0,0,0,0,0
13.67,4929.4,141.8,1.06,364480.0,0,1,0,0
11.56,4121.8,85.7,1.35,272604.0,1,0,1,0
16.77,6731.0,129.3,0.3,430144.0,0,1,0,0
13.7,5885.9,140.7,0.53,283305.0,0,1,0,0
8.57,9893.5,140.9,1.5,365559.0,1,1,1,0
16.12,1922.0,104.1,1.19,301976.0,0,0,0,0
12.66,7636.5,40.0,0.67,323914.0,0,0,0,0
13.77,9175.0,109.7,1.49,154650.0,0,0,1,0
14.83,13069.9,128.5,1.49,307829.0,0,1,1,1
14.48,6054.7,92.4,1.07,224877.0,0,0,0,0
15.77,8473.4,150.8,0.54,216520.0,0,1,0,0
12.91,2088.4,122.5,0.76,410808.0,0,0,0,0
15.28,1000.0,113.2,1.08,263967.0,0,0,0,0
13.35,10034.3,129.8,0.87,204752.0,0,1,0,0
15.85,7483.3,105.7,1.37,253065.0,0,0,1,0
15.54,11035.5,40.0,0.26,182466.0,0,0,0,1
11.66,3379.8,79.0,0.28,387541.0,1,0,0,0
16.71,9059.7,133.3,1.03,227824.0,0,1,0,0
12.66,13106.5,69.2,0.73,319697.0,0,0,0,1
16.02,8759.1,87.8,0.67,381708.0,0,0,0,0
14.92,8329.7,61.6,0.2,242489.0,0,0,0,0
18.6,7525.7,152.1,0.96,319902.0,0,1,0,0
13.44,2787.4,148.8,0.93,202744.0,0,1,0,0
13.13,11566.7,66.7,1.24,463433.0,0,0,0,1
13.95,5667.4,99.7,0.98,350229.0,0,0,0,0
13.24,9013.4,73.2,0.89,265555.0,0,0,0,0
16.0,2810.9,114.7,1.48,222037.0,0,0,1,0
9.96,3961.6,111.3,0.36,271450.0,1,0,0,0
11.37,11805.3,121.0,1.19,254501.0,1,0,0,1
11.33,6458.1,105.6,0.2,426471.0,1,0,0,0
16.38,11859.8,188.9,0.57,188085.0,0,1,0,1
18.28,7265.3,62.1,0.4,290110.0,0,0,0,0
13.74,1974.3,40.3,1.3,278625.0,0,0,1,0
13.58,10176.2,82.4,0.92,271194.0,0,0,0,0
14.18,5730.3,44.8,0.94,271854.0,0,0,0,0
16.9,9596.1,47.2,0.45,271295.0,0,0,0,0
11.68,7575.6,63.0,0.82,345480.0,1,0,0,0
14.6,2870.6,65.5,0.61,325674.0,0,0,0,0
16.44,7992.9,64.5,1.12,311418.0,0,0,0,0
15.25,14088.7,111.6,0.5,52451.0,0,0,0,1
14.47,8979.0,78.8,1.55,302485.0,0,0,1,0
16.5,7327.4,89.3,0.2,155827.0,0,0,0,0
7.24,10726.0,123.6,0.59,328474.0,1,0,0,0
15.69,8132.0,70.5,1.7,390587.0,0,0,1,0
12.36,8128.6,86.5,0.75,210532.0,0,0,0,0
9.42,4225.1,106.7,0.36,260366.0,1,0,0,0
15.28,8201.5,40.0,1.05,235048.0,0,0,0,0
17.43,10606.3,40.0,0.74,372657.0,0,0,0,0
13.66,4991.8,106.1,0.57,287127.0,0,0,0,0
16.38,11773.5,110.7,0.46,409625.0,0,0,0,1
18.03,7224.9,161.1,2.2,311032.0,0,1,1,0
17.29,4836.7,100.1,0.84,298184.0,0,0,0,0
18.1,10492.9,121.2,0.2,285116.0,0,0,0,0
15.86,6639.6,88.7,1.62,341349.0,0,0,1,0
14.19,9778.5,104.5,1.22,149674.0,0,0,0,0
10.0,6624.7,148.4,0.61,286401.0,1,1,0,0
13.38,7320.5,40.0,0.53,274747.0,0,0,0,0
11.89,8980.7,108.2,1.25,334406.0,1,0,0,0
19.43,8372.7,163.3,0.84,265922.0,0,1,0,0
13.56,1513.4,104.0,0.2,202095.0,0,0,0,0
14.31,4136.3,147.8,1.75,280551.0,0,1,1,0
15.38,10288.2,74.9,0.75,198787.0,0,0,0,0
14.11,7103.6,94.0,1.62,135605.0,0,0,1,0
18.24,5928.8,96.1,1.53,334534.0,0,0,1,0
12.44,3424.3,40.0,0.5,323430.0,0,0,0,0
14.49,4260.8,57.6,1.41,315032.0,0,0,1,0
12.14,1434.6,59.9,0.66,377720.0,0,0,0,0
10.7,7196.2,121.3,0.2,230123.0,1,0,0,0
12.47,5704.7,122.9,0.76,172666.0,0,0,0,0
13.91,4600.2,105.4,1.13,274748.0,0,0,0,0
12.93,7295.6,121.4,0.74,253937.0,0,0,0,0
12.27,8591.9,89.7,0.81,216828.0,0,0,0,0
10.48,13779.6,133.5,1.46,274011.0,1,1,1,1
13.79,2964.3,95.3,1.0,234130.0,0,0,0,0
10.24,10978.1,96.9,0.57,142300.0,1,0,0,0
15.9,10419.3,86.5,1.27,246912.0,0,0,1,0
14.21,5162.7,116.9,1.04,194772.0,0,0,0,0
10.36,8109.7,81.5,0.2,297374.0,1,0,0,0
13.23,6127.1,126.2,1.14,230797.0,0,1,0,0
12.12,8057.1,58.8,1.13,363372.0,0,0,0,0
14.8,12027.4,59.8,0.96,400290.0,0,0,0,1
17.35,9316.8,117.0,1.35,330954.0,0,0,1,0
9.31,9025.8,92.2,0.65,163673.0,1,0,0,0
14.29,6209.1,80.5,1.1,392890.0,0,0,0,0
13.6,3047.8,123.5,0.24,398179.0,0,0,0,0
15.68,6874.6,75.6,1.13,281409.0,0,0,0,0
14.53,11119.8,88.6,1.83,379219.0,0,0,1,1
12.12,2918.5,139.8,0.5,238624.0,0,1,0,0
13.2,4334.7,144.3,0.61,140032.0,0,1,0,0
12.01,7878.8,145.3,0.63,222979.0,0,1,0,0
16.69,4546.0,86.0,1.01,409698.0,0,0,0,0
14.05,5122.4,134.4,0.47,168169.0,0,1,0,0
18.75,6229.2,64.6,1.14,279964.0,0,0,0,0
13.85,3403.1,66.0,1.33,282561.0,0,0,1,0
12.23,4577.6,40.0,1.19,241527.0,0,0,0,0
10.22,9610.3,148.5,0.2,246736.0,1,1,0,0
9.49,3577.9,67.4,1.4,285419.0,1,0,1,0
10.04,2706.4,91.0,1.37,237838.0,1,0,1,0
14.67,5609.9,65.9,1.32,173346.0,0,0,1,0
15.27,9695.9,117.2,1.12,296127.0,0,0,0,0
10.05,6909.2,83.0,1.05,360502.0,1,0,0,0
16.24,6106.3,53.2,1.41,345218.0,0,0,1,0
12.79,7633.1,109.1,1.82,219270.0,0,0,1,0
14.37,2262.9,49.1,0.52,186158.0,0,0,0,0
18.03,8984.1,68.2,1.44,258686.0,0,0,1,0
16.24,8650.3,40.0,0.91,397584.0,0,0,0,0
13.33,6272.1,49.4,0.89,328420.0,0,0,0,0
11.77,10517.8,100.7,0.26,332797.0,1,0,0,0
8.62,4117.5,40.0,0.82,346739.0,1,0,0,0
12.2,10883.7,47.6,0.5,311557.0,0,0,0,0
13.47,7963.5,94.9,0.74,289046.0,0,0,0,0
11.53,6490.3,77.6,0.46,329673.0,1,0,0,0
13.67,7440.4,158.7,0.75,239038.0,0,1,0,0
14.19,7178.2,153.7,0.77,173915.0,0,1,0,0
13.44,11160.8,67.2,0.99,334225.0,0,0,0,1
12.37,4270.0,112.8,0.22,372830.0,0,0,0,0
14.42,5212.4,119.0,0.3,196133.0,0,0,0,0
15.1,10608.9,75.9,1.11,341644.0,0,0,0,0
11.27,5713.4,47.1,0.59,406057.0,1,0,0,0
17.53,10201.6,94.6,1.43,279832.0,0,0,1,0
13.75,12598.3,89.5,1.05,218650.0,0,0,0,1
14.05,6294.6,81.1,1.22,289226.0,0,0,0,0
15.77,9544.1,109.2,1.58,238710.0,0,0,1,0
14.58,4038.9,71.0,0.81,233745.0,0,0,0,0
16.38,9764.2,58.1,0.69,312489.0,0,0,0,0
14.72,8098.3,98.5,1.34,159720.0,0,0,1,0
12.47,8919.1,107.4,1.18,171705.0,0,0,0,0
14.9,5563.3,57.3,0.87,281447.0,0,0,0,0
11.14,2516.7,124.7,1.58,278327.0,1,0,1,0
14.27,9009.8,40.0,0.85,305767.0,0,0,0,0
13.92,1309.8,76.5,0.96,420642.0,0,0,0,0
13.48,6547.9,86.7,0.96,287839.0,0,0,0,0
13.68,10323.5,74.6,0.53,324863.0,0,0,0,0
9.3,8075.7,76.9,0.98,206835.0,1,0,0,0
12.63,13345.0,154.9,1.58,337595.0,0,1,1,1
14.23,10575.3,67.8,1.15,240521.0,0,0,0,0
14.4,5538.3,173.1,0.96,285357.0,0,1,0,0
11.43,7581.9,109.0,0.88,271836.0,1,0,0,0
17.16,7357.9,97.9,1.1,357473.0,0,0,0,0
11.83,2753.5,110.2,1.29,181752.0,1,0,1,0
16.42,4678.8,176.0,1.22,108757.0,0,1,0,0
15.07,5817.7,63.2,0.8,263993.0,0,0,0,0
12.38,1391.3,59.1,1.1,315140.0,0,0,0,0
18.44,7642.5,70.8,1.17,291420.0,0,0,0,0
11.02,6752.8,96.0,0.5,372415.0,1,0,0,0
16.3,2481.3,40.0,1.03,312803.0,0,0,0,0
16.5,8712.6,95.7,0.2,237711.0,0,0,0,0
12.32,9647.6,149.2,1.17,105593.0,0,1,0,0
17.48,8181.1,99.8,1.25,262202.0,0,0,0,0
13.37,6527.8,85.6,1.29,357097.0,0,0,1,0
14.72,9274.3,75.2,0.77,250596.0,0,0,0,0
14.65,9540.7,123.8,1.09,282124.0,0,0,0,0
13.66,8422.2,68.6,1.59,311602.0,0,0,1,0
16.03,5026.2,154.1,1.59,203853.0,0,1,1,0
15.98,8329.8,156.9,0.94,326743.0,0,1,0,0
9.63,11086.4,103.2,1.01,402784.0,1,0,0,1
17.26,5710.1,94.6,1.45,267039.0,0,0,1,0
9.84,13793.8,128.0,0.27,195320.0,1,1,0,1
16.58,5923.1,130.0,0.8,275005.0,0,1,0,0
16.82,7597.2,69.2,1.55,113171.0,0,0,1,0
11.27,5482.5,78.2,1.39,305268.0,1,0,1,0
12.97,8169.8,52.7,1.12,313921.0,0,0,0,0
11.24,2273.3,108.1,0.27,405673.0,1,0,0,0
13.46,5861.9,116.3,0.93,265450.0,0,0,0,0
13.23,4223.6,51.8,0.68,310636.0,0,0,0,0
15.95,7906.0,80.4,1.1,215403.0,0,0,0,0
17.28,10483.3,51.9,0.59,253268.0,0,0,0,0
17.49,9438.0,66.2,0.49,165611.0,0,0,0,0
12.59,1000.0,112.6,0.2,265391.0,0,0,0,0
13.48,13626.2,71.5,1.5,257102.0,0,0,1,1
9.79,8385.8,85.4,0.77,302440.0,1,0,0,0
11.99,5170.5,42.9,1.02,233230.0,1,0,0,0
16.41,7971.4,101.0,0.95,286251.0,0,0,0,0
18.04,8028.6,93.6,0.47,254996.0,0,0,0,0
10.91,5499.5,71.7,0.38,255138.0,1,0,0,0
12.52,8093.8,89.0,0.5,286027.0,0,0,0,0
13.93,5677.6,100.8,0.62,283039.0,0,0,0,0
14.7,6286.9,68.9,1.11,337088.0,0,0,0,0
11.98,5441.2,47.8,0.59,270952.0,1,0,0,0
15.06,3202.0,152.8,1.74,253759.0,0,1,1,0
12.82,7937.5,74.7,1.41,266439.0,0,0,1,0
13.96,9255.9,91.9,1.31,226400.0,0,0,1,0
15.37,9044.7,127.3,0.9,253007.0,0,1,0,0
14.02,9959.8,207.9,1.63,432337.0,0,1,1,0
12.91,8473.0,55.2,0.85,211549.0,0,0,0,0
13.73,5901.8,109.4,0.94,259101.0,0,0,0,0
13.78,10019.0,72.4,1.03,250938.0,0,0,0,0
13.07,3427.4,77.8,1.27,261462.0,0,0,1,0
13.35,4798.0,72.0,1.24,255157.0,0,0,0,0
18.0,4607.4,59.0,0.74,300943.0,0,0,0,0
15.4,10740.2,93.7,0.71,151737.0,0,0,0,0
13.26,10328.4,47.8,1.24,357788.0,0,0,0,0
15.74,8961.9,125.3,1.27,327444.0,0,1,1,0
13.17,10715.8,96.8,0.77,186785.0,0,0,0,0
16.93,4862.2,108.5,0.24,109819.0,0,0,0,0
14.92,8545.8,80.1,0.86,206720.0,0,0,0,0
13.73,7124.5,83.2,1.23,261800.0,0,0,0,0
15.12,10040.6,104.2,1.76,473522.0,0,0,1,0
10.07,7154.3,57.8,0.41,320744.0,1,0,0,0
11.18,6345.2,83.5,0.76,144431.0,1,0,0,0
11.02,9122.7,67.5,0.77,228276.0,1,0,0,0
14.36,10128.5,66.5,1.56,276009.0,0,0,1,0
18.33,5495.0,40.0,0.93,299026.0,0,0,0,0
19.58,7316.8,137.9,0.54,181394.0,0,1,0,0
15.6,4324.7,73.0,1.2,269876.0,0,0,0,0
15.25,1000.0,132.2,0.77,226177.0,0,1,0,0
9.5,8101.4,129.2,0.4,197218.0,1,1,0,0
12.64,9326.7,53.8,0.55,299470.0,0,0,0,0
12.03,8286.2,60.2,1.73,338041.0,0,0,1,0
12.45,1651.3,176.9,1.12,343078.0,0,1,0,0
13.58,6447.5,151.0,1.0,323079.0,0,1,0,0
12.82,1000.0,94.0,0.84,242697.0,0,0,0,0
9.05,11609.1,103.2,1.08,333591.0,1,0,0,1
15.87,4241.8,74.8,1.08,303179.0,0,0,0,0
11.32,11266.2,108.8,1.08,290046.0,1,0,0,1
14.6,10337.6,72.1,1.0,234123.0,0,0,0,0
19.19,4798.2,40.0,1.34,242734.0,0,0,1,0
11.7,4101.6,52.7,0.96,285542.0,1,0,0,0
7.67,8551.1,95.7,0.51,462991.0,1,0,0,0
13.28,4967.0,58.8,0.67,302593.0,0,0,0,0
16.75,7807.5,92.8,0.2,234161.0,0,0,0,0
18.9,6051.5,60.6,1.86,217571.0,0,0,1,0
10.93,2156.5,70.0,1.34,243118.0,1,0,1,0
15.24,1000.0,122.3,0.58,443297.0,0,0,0,0
12.84,8180.1,102.9,0.82,250056.0,0,0,0,0
13.74,5815.3,94.7,0.66,348015.0,0,0,0,0
20.61,5840.7,123.1,1.64,251805.0,0,0,1,0
10.24,9587.6,110.4,0.31,299589.0,1,0,0,0
14.63,11020.3,141.3,1.0,339381.0,0,1,0,1
15.17,6682.4,80.3,0.9,237107.0,0,0,0,0
16.71,6478.2,81.3,1.32,231917.0,0,0,1,0
14.24,9000.4,53.4,0.9,404415.0,0,0,0,0
14.77,3429.2,81.3,0.2,353844.0,0,0,0,0
13.02,8169.5,125.9,0.84,339300.0,0,1,0,0
14.67,9155.7,136.6,0.51,339046.0,0,1,0,0
13.14,9540.7,125.7,0.99,314468.0,0,1,0,0
15.55,1689.7,40.0,1.6,431333.0,0,0,1,0
13.08,5215.9,129.7,0.2,283293.0,0,1,0,0
14.94,4865.2,40.0,0.59,323295.0,0,0,0,0
13.93,7799.7,123.7,0.7,171182.0,0,0,0,0
16.82,8942.2,83.2,0.78,218128.0,0,0,0,0
13.87,11990.1,117.5,1.28,189939.0,0,0,1,1
9.57,6015.1,52.4,0.87,375555.0,1,0,0,0
17.15,6007.3,132.5,1.14,88559.0,0,1,0,0
11.74,10949.0,48.1,0.67,249827.0,1,0,0,0
12.37,8389.7,73.6,1.05,55472.0,0,0,0,0
12.51,11303.0,63.1,1.3,217653.0,0,0,1,1
17.44,8366.2,40.0,0.62,243179.0,0,0,0,0
8.66,4028.7,98.0,1.3,383865.0,1,0,1,0
21.84,3500.6,152.8,0.97,309747.0,0,1,0,0
16.64,2845.5,180.3,1.42,217514.0,0,1,1,0
14.56,9486.2,98.1,0.86,359947.0,0,0,0,0
13.86,11065.8,130.7,1.12,281337.0,0,1,0,1
14.71,13048.1,102.4,0.93,282818.0,0,0,0,1
15.3,10029.3,111.0,0.91,189800.0,0,0,0,0
15.61,10988.5,84.1,1.07,205749.0,0,0,0,0
15.39,5760.0,101.2,1.19,218118.0,0,0,0,0
14.22,4030.8,112.2,0.39,283485.0,0,0,0,0
13.51,10050.2,76.5,1.6,285841.0,0,0,1,0
13.62,8753.0,92.5,0.2,395807.0,0,0,0,0
13.51,7822.3,93.1,0.64,308879.0,0,0,0,0
16.83,8662.1,121.4,0.91,76933.0,0,0,0,0
15.48,8469.6,60.9,1.14,299698.0,0,0,0,0
6.65,11351.5,93.4,1.66,171249.0,1,0,1,1
15.64,11385.0,156.2,0.2,207552.0,0,1,0,1
14.49,9132.7,132.2,0.72,219087.0,0,1,0,0
13.95,10037.4,138.2,0.2,230250.0,0,1,0,0
13.03,9042.2,95.8,0.96,176864.0,0,0,0,0
16.81,6116.5,105.3,1.07,295261.0,0,0,0,0
16.37,9769.7,127.1,1.67,174190.0,0,1,1,0
12.07,3316.5,144.9,1.0,306750.0,0,1,0,0
15.02,10661.7,40.0,1.42,447773.0,0,0,1,0
11.57,3916.4,52.9,1.21,180298.0,1,0,0,0
10.55,8357.4,136.9,0.75,258662.0,1,1,0,0
12.43,4964.5,86.1,0.32,90741.0,0,0,0,0
16.16,9160.2,73.5,1.07,257430.0,0,0,0,0
16.38,7398.2,54.9,0.28,328204.0,0,0,0,0
15.28,2715.7,77.2,1.53,334048.0,0,0,1,0
15.81,8762.1,50.1,0.88,285802.0,0,0,0,0
15.29,5766.2,161.9,1.49,346695.0,0,1,1,0
12.4,10143.4,94.3,0.73,470954.0,0,0,0,0
15.08,7504.0,93.1,1.07,408423.0,0,0,0,0
16.0,8686.3,113.8,1.04,240811.0,0,0,0,0
15.89,4627.3,125.8,0.93,171167.0,0,1,0,0
16.97,5732.0,125.3,0.76,249539.0,0,1,0,0
15.77,6124.1,129.4,1.13,208976.0,0,1,0,0
14.88,10070.1,74.8,0.53,313851.0,0,0,0,0
16.68,12532.1,85.5,0.41,191410.0,0,0,0,1
13.93,5084.5,119.6,1.51,274538.0,0,0,1,0
11.8,10730.5,78.1,1.28,342851.0,1,0,1,0
13.59,1000.0,94.8,0.98,272448.0,0,0,0,0
12.14,3917.4,107.8,1.7,209026.0,0,0,1,0
12.31,4623.7,120.1,0.83,368111.0,0,0,0,0
13.64,3442.5,40.0,1.55,139076.0,0,0,1,0
12.02,2749.2,117.9,1.03,255415.0,0,0,0,0
13.23,8739.0,87.5,0.49,276875.0,0,0,0,0
9.27,6857.8,117.6,1.78,281193.0,1,0,1,0
14.53,8638.2,119.9,1.4,293537.0,0,0,1,0
14.0,9571.4,146.5,0.9,325783.0,0,1,0,0
11.96,8296.9,138.3,1.28,277344.0,1,1,1,0
15.65,9473.3,138.1,0.77,252396.0,0,1,0,0
16.34,7291.4,141.2,1.32,249431.0,0,1,1,0
9.98,3939.0,104.3,0.2,234136.0,1,0,0,0
12.09,10673.4,96.0,0.49,339066.0,0,0,0,0
12.08,5732.7,122.9,1.39,231510.0,0,0,1,0
11.65,4693.2,118.4,0.84,343508.0,1,0,0,0
16.07,6966.2,85.1,1.04,281425.0,0,0,0,0
13.52,4761.6,108.0,0.34,240906.0,0,0,0,0
13.34,6247.7,93.9,1.78,326381.0,0,0,1,0
8.99,8532.2,67.7,1.49,225441.0,1,0,1,0
15.59,8545.0,136.3,0.86,327864.0,0,1,0,0
10.9,4806.5,96.8,0.77,295954.0,1,0,0,0
14.15,6036.9,160.6,1.41,235276.0,0,1,1,0
14.69,10723.0,43.0,1.84,319648.0,0,0,1,0
17.4,8989.2,77.2,1.38,320994.0,0,0,1,0
10.73,13725.2,96.0,1.93,366814.0,1,0,1,1
6.45,11040.4,131.4,0.53,352461.0,1,1,0,1
14.46,10932.9,107.8,0.58,316846.0,0,0,0,0
18.5,3336.4,104.9,0.41,195431.0,0,0,0,0
17.1,9791.6,58.9,1.15,463644.0,0,0,0,0
14.52,7340.7,58.0,1.03,174729.0,0,0,0,0
12.77,5847.1,105.3,0.88,351195.0,0,0,0,0
16.02,8004.0,51.3,1.31,312346.0,0,0,1,0
11.57,10335.6,78.0,1.5,191939.0,1,0,1,0
15.19,9002.5,111.0,0.26,270677.0,0,0,0,0
15.26,4864.6,63.6,0.68,274094.0,0,0,0,0
16.65,9727.4,146.4,1.32,377919.0,0,1,1,0
20.9,5587.2,134.2,0.74,226502.0,0,1,0,0
14.98,8150.0,44.7,0.59,260354.0,0,0,0,0
12.73,6589.9,65.2,1.41,104795.0,0,0,1,0
13.94,6843.4,40.0,0.37,410107.0,0,0,0,0
9.58,9798.7,70.0,0.81,199715.0,1,0,0,0
12.26,4379.4,119.5,1.1,304518.0,0,0,0,0
12.98,13335.6,81.8,0.69,272394.0,0,0,0,1
12.69,2036.7,109.7,1.3,272650.0,0,0,1,0
14.38,5707.0,46.3,0.69,340740.0,0,0,0,0
11.94,8610.6,120.5,1.58,405345.0,1,0,1,0
16.8,9252.9,77.2,0.89,298862.0,0,0,0,0
14.0,7198.6,95.4,1.25,329131.0,0,0,0,0
13.98,7327.8,92.0,1.29,304667.0,0,0,1,0
13.18,8731.7,54.3,0.67,356315.0,0,0,0,0
14.39,6806.8,58.1,0.2,245281.0,0,0,0,0
16.06,11679.5,126.0,1.11,360654.0,0,1,0,1
11.83,10018.0,107.8,0.98,363287.0,1,0,0,0
12.35,10118.5,128.6,1.2,361190.0,0,1,0,0
13.24,4601.5,105.4,0.85,230489.0,0,0,0,0
10.64,7261.8,99.6,0.76,267375.0,1,0,0,0
11.95,6598.6,40.0,1.85,297960.0,1,0,1,0
12.81,4483.2,86.3,0.29,177187.0,0,0,0,0
16.19,8580.5,94.1,1.28,399619.0,0,0,1,0
14.66,5887.1,157.5,0.69,279079.0,0,1,0,0
14.48,9466.2,117.0,0.8,301295.0,0,0,0,0
16.13,4289.4,144.2,0.81,236725.0,0,1,0,0
13.66,12657.1,114.1,0.59,180484.0,0,0,0,1
14.98,4811.0,72.2,1.21,234698.0,0,0,0,0
13.74,8157.9,98.7,1.58,296440.0,0,0,1,0
14.66,9875.6,102.6,1.16,330507.0,0,0,0,0
12.54,5788.1,64.9,1.0,292134.0,0,0,0,0
7.9,10057.4,82.7,0.51,306004.0,1,0,0,0
13.66,3812.4,88.4,1.18,254723.0,0,0,0,0
17.56,11856.4,146.4,1.92,317219.0,0,1,1,1
16.32,7542.4,40.0,0.78,391212.0,0,0,0,0
16.41,5710.8,133.6,0.78,332859.0,0,1,0,0
17.09,6602.5,65.0,0.7,340716.0,0,0,0,0
14.22,9926.8,51.1,0.73,302051.0,0,0,0,0
14.49,5746.6,132.8,0.2,167263.0,0,1,0,0
12.46,5251.9,118.4,1.13,201650.0,0,0,0,0
13.21,6835.4,135.1,0.57,314116.0,0,1,0,0
15.54,3969.1,120.6,0.23,279180.0,0,0,0,0
17.01,12961.6,160.9,1.29,312988.0,0,1,1,1
13.65,5800.8,112.9,0.46,405732.0,0,0,0,0
12.87,9994.9,90.0,0.8,334453.0,0,0,0,0
14.0,8128.4,106.0,1.61,374416.0,0,0,1,0
15.5,4546.4,134.8,0.32,287101.0,0,1,0,0
10.39,7482.1,70.1,0.26,219459.0,1,0,0,0
8.26,9852.0,74.1,1.07,275660.0,1,0,0,0
12.62,6935.2,85.1,1.47,219644.0,0,0,1,0
10.95,11079.3,40.0,0.24,396872.0,1,0,0,1
12.73,10564.5,99.4,1.13,339279.0,0,0,0,0
13.63,10256.7,40.0,1.21,319038.0,0,0,0,0
12.87,6121.0,96.7,0.2,372696.0,0,0,0,0
17.63,4260.5,122.7,1.31,128496.0,0,0,1,0
14.82,5659.2,79.7,1.34,324110.0,0,0,1,0
14.75,8088.7,148.7,0.81,181702.0,0,1,0,0
15.56,9137.4,48.3,1.51,279456.0,0,0,1,0
11.15,1000.0,133.1,1.46,256622.0,1,1,1,0
16.6,7475.7,116.6,1.0,329630.0,0,0,0,0
13.81,7974.3,40.1,0.75,297114.0,0,0,0,0
15.68,6667.4,181.7,0.51,380884.0,0,1,0,0
11.32,11373.8,93.0,0.93,234858.0,1,0,0,1
10.12,8765.3,66.9,1.21,333184.0,1,0,0,0
16.04,11430.6,50.0,0.8,292167.0,0,0,0,1
14.94,6852.1,88.0,0.2,157353.0,0,0,0,0
11.74,10312.4,90.9,1.52,211104.0,1,0,1,0
11.83,12405.2,98.3,1.04,268759.0,1,0,0,1
16.81,11435.1,85.5,0.78,363422.0,0,0,0,1
11.03,4223.6,115.3,1.34,314779.0,1,0,1,0
18.11,6739.0,82.6,1.64,192437.0,0,0,1,0
11.75,6464.5,40.0,0.2,269476.0,1,0,0,0
15.6,8967.8,90.2,1.15,431335.0,0,0,0,0
13.18,9559.1,40.0,0.31,288342.0,0,0,0,0
15.51,4983.3,106.3,1.17,255451.0,0,0,0,0
12.64,7703.5,63.7,1.01,316880.0,0,0,0,0
13.59,1440.2,100.2,1.24,337254.0,0,0,0,0
14.1,11825.8,137.1,0.73,245787.0,0,1,0,1
11.49,5962.9,64.6,0.2,317693.0,1,0,0,0
15.85,7667.6,129.0,0.75,255333.0,0,1,0,0
12.72,6571.1,81.1,1.13,333950.0,0,0,0,0
13.43,10938.1,151.1,1.41,292727.0,0,1,1,0
11.51,1000.0,83.3,0.42,316148.0,1,0,0,0
7.59,7450.2,68.1,1.41,223061.0,1,0,1,0
13.52,7182.5,117.0,0.66,218404.0,0,0,0,0
20.03,6139.1,81.1,1.11,350912.0,0,0,0,0
15.96,12678.7,68.1,0.72,274045.0,0,0,0,1
13.95,4838.0,79.7,1.03,301378.0,0,0,0,0
13.34,9815.4,93.6,1.35,257020.0,0,0,1,0
14.06,8568.8,137.9,0.4,347405.0,0,1,0,0
15.37,11284.6,40.0,0.64,234414.0,0,0,0,1
11.05,5498.4,95.7,1.03,269830.0,1,0,0,0
16.79,5301.1,115.0,2.03,338949.0,0,0,1,0
15.79,10788.2,101.2,0.56,367973.0,0,0,0,0
15.8,8776.0,136.9,1.87,240718.0,0,1,1,0
15.1,2865.2,92.6,1.85,426976.0,0,0,1,0
14.05,5882.1,89.1,0.91,303493.0,0,0,0,0
15.68,8659.1,114.0,0.82,201780.0,0,0,0,0
15.48,10013.3,98.2,0.64,307679.0,0,0,0,0
13.11,5462.3,82.5,0.92,251275.0,0,0,0,0
12.57,1000.0,111.5,0.32,312555.0,0,0,0,0
14.25,9069.7,74.1,0.92,276786.0,0,0,0,0
17.87,3839.0,75.4,1.62,285571.0,0,0,1,0
10.9,1448.0,78.1,0.68,211630.0,1,0,0,0
10.33,1000.0,138.3,0.84,354255.0,1,1,0,0
14.41,9941.9,40.0,0.2,193290.0,0,0,0,0
14.13,7885.9,107.7,1.12,196843.0,0,0,0,0
14.43,6823.0,96.1,1.07,307552.0,0,0,0,0
14.61,11667.1,41.2,0.98,400213.0,0,0,0,1
13.44,9412.0,104.9,0.85,253556.0,0,0,0,0
17.72,12348.9,110.2,0.82,332573.0,0,0,0,1
10.0,3321.8,113.9,1.18,360501.0,1,0,0,0
11.93,7396.3,40.0,0.94,341101.0,1,0,0,0
13.74,2649.9,138.7,1.09,256659.0,0,1,0,0
9.89,6811.9,71.4,1.05,198171.0,1,0,0,0
13.56,6754.2,117.0,1.46,114434.0,0,0,1,0
18.15,9379.8,118.7,1.25,260287.0,0,0,0,0
14.05,7636.7,66.9,1.04,368357.0,0,0,0,0
14.58,9370.2,116.1,1.63,195688.0,0,0,1,0
10.85,9610.3,82.7,1.14,332516.0,1,0,0,0
12.46,13964.8,40.0,1.54,208739.0,0,0,1,1
13.06,6554.1,132.4,1.22,287955.0,0,1,0,0
13.21,4676.9,70.2,0.2,333084.0,0,0,0,0
17.2,8238.3,67.7,1.54,230538.0,0,0,1,0
15.39,5093.2,82.1,1.01,292786.0,0,0,0,0
11.22,11945.9,103.7,0.93,248868.0,1,0,0,1
14.62,6650.3,93.2,1.08,332886.0,0,0,0,0
15.25,5803.3,112.5,0.79,297649.0,0,0,0,0
16.85,6086.1,52.1,1.05,284238.0,0,0,0,0
17.95,9655.3,71.2,0.68,396876.0,0,0,0,0
11.46,7026.8,91.3,1.52,329673.0,1,0,1,0
11.97,5575.0,155.7,0.9,228224.0,1,1,0,0
10.86,12496.1,91.4,0.78,273560.0,1,0,0,1
13.41,4931.5,129.7,0.53,274308.0,0,1,0,0
15.17,7606.7,96.2,1.07,286024.0,0,0,0,0
16.47,9456.9,79.5,1.03,469338.0,0,0,0,0
13.81,2606.0,87.1,1.12,307814.0,0,0,0,0
13.2,8940.8,89.6,0.49,127307.0,0,0,0,0
14.38,4334.7,114.3,0.23,239290.0,0,0,0,0
11.91,9968.3,139.0,1.23,135072.0,1,1,0,0
19.22,4612.0,106.5,1.62,255265.0,0,0,1,0
9.98,9578.3,133.0,0.49,130952.0,1,1,0,0
14.46,10817.5,64.1,1.67,214631.0,0,0,1,0
19.06,10084.3,81.7,1.08,165946.0,0,0,0,0
14.02,8253.9,71.8,0.95,308812.0,0,0,0,0
13.52,6806.1,105.1,0.77,280040.0,0,0,0,0
13.11,5770.7,83.5,0.33,302722.0,0,0,0,0
13.55,11913.1,118.4,1.39,272159.0,0,0,1,1
17.43,5401.5,65.2,0.6,175428.0,0,0,0,0
8.47,4388.8,96.4,0.6,318514.0,1,0,0,0
17.83,9496.1,117.0,1.4,424167.0,0,0,1,0
10.44,5111.6,40.0,0.2,310691.0,1,0,0,0
13.33,4649.8,162.9,0.26,248056.0,0,1,0,0
12.93,3169.2,85.9,0.94,172895.0,0,0,0,0
15.47,6051.3,40.0,1.08,211895.0,0,0,0,0
10.0,7251.9,100.1,1.17,313978.0,1,0,0,0
15.16,8229.3,96.1,0.81,360484.0,0,0,0,0
19.06,10353.9,92.4,2.09,299565.0,0,0,1,0
10.59,9080.7,126.7,0.85,339992.0,1,1,0,0
14.47,6927.4,118.9,0.85,333076.0,0,0,0,0
12.35,6905.4,104.5,0.59,317990.0,0,0,0,0
15.06,9030.5,109.4,1.01,230614.0,0,0,0,0
14.05,11317.7,91.7,1.23,293044.0,0,0,0,1
12.4,7878.9,151.8,1.49,216372.0,0,1,1,0
15.22,6092.6,47.7,0.28,281307.0,0,0,0,0
18.51,4521.4,99.5,0.84,304815.0,0,0,0,0
13.52,3164.4,97.1,1.15,405909.0,0,0,0,0
15.8,9498.8,121.0,1.21,181770.0,0,0,0,0
10.77,9233.9,68.0,0.95,316113.0,1,0,0,0
11.61,9232.1,40.0,1.19,391093.0,1,0,0,0
15.18,7114.0,100.0,0.59,336914.0,0,0,0,0
17.71,11720.8,104.0,1.65,342471.0,0,0,1,1
14.89,6047.6,142.7,1.4,324077.0,0,1,1,0
13.22,10365.8,54.3,0.34,377375.0,0,0,0,0
14.0,7383.8,132.0,0.47,198439.0,0,1,0,0
10.87,5674.9,170.8,0.48,176056.0,1,1,0,0
15.51,9277.6,82.9,1.26,279525.0,0,0,1,0
16.21,8728.9,53.7,0.37,117913.0,0,0,0,0
12.87,8570.9,82.0,0.8,372298.0,0,0,0,0
12.82,7743.8,95.4,1.15,371554.0,0,0,0,0
14.66,7386.3,113.0,0.92,247499.0,0,0,0,0
12.91,14665.1,76.1,1.07,252192.0,0,0,0,1
13.83,11052.8,144.8,0.47,274574.0,0,1,0,1
19.25,9668.5,59.3,1.22,283902.0,0,0,0,0
13.38,7835.4,40.0,0.67,289538.0,0,0,0,0
13.1,10521.5,130.4,0.8,321867.0,0,1,0,0
12.38,9054.0,40.0,1.06,267053.0,0,0,0,0
15.86,7578.6,88.5,1.0,350739.0,0,0,0,0
13.55,6589.3,194.8,0.96,313446.0,0,1,0,0
12.38,7257.2,94.6,0.61,234478.0,0,0,0,0
17.3,1000.0,59.1,0.82,380133.0,0,0,0,0
17.55,8131.8,93.2,0.95,178131.0,0,0,0,0
12.5,6034.6,93.4,0.33,273088.0,0,0,0,0
9.33,12278.0,100.1,0.74,352519.0,1,0,0,1
16.52,7558.0,116.2,1.12,225770.0,0,0,0,0
12.29,3933.1,61.7,0.38,303217.0,0,0,0,0
15.98,7350.4,149.0,1.47,320750.0,0,1,1,0
9.07,4361.6,102.8,1.52,215461.0,1,0,1,0
16.23,8920.2,118.3,0.39,274564.0,0,0,0,0
10.97,8372.8,74.9,1.56,268262.0,1,0,1,0
15.83,10373.5,136.2,0.89,238620.0,0,1,0,0
14.04,5127.4,86.8,1.14,452626.0,0,0,0,0
11.62,7602.0,103.9,0.73,222767.0,1,0,0,0
12.98,3404.9,65.1,1.37,355370.0,0,0,1,0
15.72,9604.5,63.1,1.13,250540.0,0,0,0,0
14.26,9056.6,117.0,0.58,198502.0,0,0,0,0
15.46,8987.4,80.8,0.43,287711.0,0,0,0,0
18.94,7504.9,67.7,0.29,328682.0,0,0,0,0
10.09,8744.3,74.4,1.03,349038.0,1,0,0,0
18.04,12313.0,117.4,1.21,397170.0,0,0,0,1
14.26,6644.7,74.9,1.24,500893.0,0,0,0,0
11.75,7915.9,91.2,0.9,298789.0,1,0,0,0
10.67,4241.6,95.5,0.43,230268.0,1,0,0,0
13.53,4895.2,40.0,0.64,313966.0,0,0,0,0
16.3,7793.4,47.9,1.47,260034.0,0,0,1,0
13.68,10811.8,105.8,0.73,349447.0,0,0,0,0
17.78,6731.2,71.4,1.01,182713.0,0,0,0,0
10.37,6792.3,128.8,0.47,457625.0,1,1,0,0
13.97,6279.3,125.9,1.1,344204.0,0,1,0,0
10.87,5895.7,118.0,0.74,153700.0,1,0,0,0
14.91,8384.9,153.2,1.42,226823.0,0,1,1,0
16.22,3008.2,92.3,1.3,341206.0,0,0,1,0
12.95,11342.8,115.8,0.73,368226.0,0,0,0,1
7.49,5503.7,76.3,0.89,184582.0,1,0,0,0
14.5,9665.7,173.5,0.7,333477.0,0,1,0,0
15.09,3690.0,158.5,0.31,133950.0,0,1,0,0
15.01,9506.5,95.4,0.56,273300.0,0,0,0,0
17.09,9515.8,107.4,1.04,363404.0,0,0,0,0
11.32,8652.6,138.5,1.1,238636.0,1,1,0,0
15.7,4516.7,90.3,1.02,166981.0,0,0,0,0
16.98,8248.6,74.0,0.81,290966.0,0,0,0,0
9.55,3950.8,123.0,1.37,234646.0,1,0,1,0
14.8,6741.7,97.5,0.98,327217.0,0,0,0,0
12.74,10588.2,100.9,1.27,213601.0,0,0,1,0
13.8,9890.1,68.3,0.2,222052.0,0,0,0,0
14.87,7545.5,40.0,0.2,128425.0,0,0,0,0
12.78,4575.6,102.6,1.08,292746.0,0,0,0,0
12.31,9436.8,124.0,0.31,267932.0,0,0,0,0
14.09,7558.1,87.8,0.85,190871.0,0,0,0,0
11.28,1000.0,141.0,0.81,294535.0,1,1,0,0
11.29,9847.9,72.5,1.66,357030.0,1,0,1,0
15.7,7427.3,61.2,1.13,263832.0,0,0,0,0
11.13,11107.4,92.8,1.02,300113.0,1,0,0,1
15.67,4214.2,92.4,1.33,300498.0,0,0,1,0
15.16,1000.0,119.6,1.12,189675.0,0,0,0,0
9.69,8337.3,70.2,0.74,434244.0,1,0,0,0
12.31,8374.7,138.8,1.43,244686.0,0,1,1,0
16.99,2428.0,157.9,0.45,329209.0,0,1,0,0
11.55,4564.5,93.7,1.1,337691.0,1,0,0,0
12.84,15765.7,135.0,0.25,269530.0,0,1,0,1
15.16,6583.2,61.2,1.04,325510.0,0,0,0,0
15.96,9692.9,129.4,1.04,298436.0,0,1,0,0
13.37,5548.0,128.5,1.7,173677.0,0,1,1,0
12.51,1229.1,122.6,0.25,255080.0,0,0,0,0
17.56,6989.2,94.5,0.68,234059.0,0,0,0,0
18.35,6703.2,40.0,1.32,245369.0,0,0,1,0
16.45,6300.4,74.5,1.1,182200.0,0,0,0,0
14.21,7156.1,75.0,1.03,364483.0,0,0,0,0
11.98,8292.8,63.7,0.52,400149.0,1,0,0,0
11.92,7049.6,98.9,0.68,353350.0,1,0,0,0
15.31,3708.0,81.6,1.51,375290.0,0,0,1,0
15.05,8958.6,68.6,0.93,254152.0,0,0,0,0
17.5,1651.9,61.1,1.12,232281.0,0,0,0,0
15.63,1348.9,72.1,0.9,221606.0,0,0,0,0
10.24,9717.5,130.9,0.42,328305.0,1,1,0,0
16.63,9021.1,73.8,1.37,297030.0,0,0,1,0
11.5,7327.8,78.5,1.18,274208.0,1,0,0,0
13.04,3313.7,80.4,1.99,377136.0,0,0,1,0
14.63,5376.3,105.8,0.49,310371.0,0,0,0,0
18.99,6711.8,109.6,1.32,217101.0,0,0,1,0
21.77,2712.3,40.0,0.36,228932.0,0,0,0,0
15.52,5282.9,127.7,1.02,331149.0,0,1,0,0
13.54,9457.0,141.0,1.39,358130.0,0,1,1,0
15.34,11781.9,61.4,0.2,321376.0,0,0,0,1
16.22,6241.7,63.9,0.86,422267.0,0,0,0,0
13.2,9769.5,80.6,0.7,402626.0,0,0,0,0
18.49,1757.8,70.8,0.63,313078.0,0,0,0,0
14.58,9478.4,102.2,1.12,217106.0,0,0,0,0
15.24,5088.2,40.0,1.45,181751.0,0,0,1,0
15.66,8422.0,59.2,0.89,250946.0,0,0,0,0
15.05,6756.7,144.3,1.04,336491.0,0,1,0,0
16.1,11461.2,65.3,1.0,416999.0,0,0,0,1
12.46,4876.7,134.8,0.95,311309.0,0,1,0,0
12.6,9382.8,106.4,0.46,367654.0,0,0,0,0
11.25,6661.5,40.0,1.45,261602.0,1,0,1,0
15.1,7025.1,115.3,1.08,326708.0,0,0,0,0
15.95,6948.4,91.2,1.13,341752.0,0,0,0,0
15.14,4963.0,80.4,0.59,131530.0,0,0,0,0
18.19,7457.7,102.8,0.74,248992.0,0,0,0,0
13.99,7312.1,110.2,0.87,351228.0,0,0,0,0
15.67,8223.7,117.6,0.26,300585.0,0,0,0,0
11.27,7753.5,132.7,0.2,190261.0,1,1,0,0
13.03,9894.0,108.1,0.68,97741.0,0,0,0,0
15.74,10270.5,51.0,1.19,252566.0,0,0,0,0
16.12,4348.1,79.8,0.66,274631.0,0,0,0,0
13.27,10106.3,189.2,0.49,213706.0,0,1,0,0
13.82,3941.0,118.2,0.58,290731.0,0,0,0,0
10.21,9263.6,170.8,0.75,317979.0,1,1,0,0
13.11,9359.2,139.7,0.79,330302.0,0,1,0,0
16.23,1766.0,102.7,1.92,103306.0,0,0,1,0
15.44,7778.9,104.6,1.42,181429.0,0,0,1,0
15.25,6094.5,93.8,1.41,257153.0,0,0,1,0
14.12,5223.7,40.0,1.48,322913.0,0,0,1,0
14.02,11552.6,95.6,0.5,316693.0,0,0,0,1
12.35,5539.0,133.7,0.4,315390.0,0,1,0,0
15.75,5080.9,75.8,0.45,251244.0,0,0,0,0
15.05,7727.1,108.2,1.55,255427.0,0,0,1,0
15.23,9556.8,122.3,0.7,225375.0,0,0,0,0
12.68,7075.1,65.9,0.39,337615.0,0,0,0,0
8.62,10999.1,80.6,0.76,210963.0,1,0,0,0
16.74,9092.9,62.4,0.84,343753.0,0,0,0,0
12.8,1000.0,68.7,1.07,295589.0,0,0,0,0
11.84,5911.6,53.8,1.06,276622.0,1,0,0,0
15.73,5814.5,66.2,0.58,230747.0,0,0,0,0
13.02,8938.1,140.4,1.26,178334.0,0,1,1,0
16.65,1000.0,65.7,0.66,231426.0,0,0,0,0
15.54,15147.0,99.0,0.88,255249.0,0,0,0,1
15.71,9093.1,78.9,1.26,102323.0,0,0,1,0
10.59,7946.6,132.7,0.66,265198.0,1,1,0,0
17.03,11044.7,137.0,0.69,349327.0,0,1,0,1
14.65,14531.0,122.7,1.22,322541.0,0,0,0,1
13.08,10112.2,104.8,0.56,242785.0,0,0,0,0
14.36,10346.4,87.6,0.78,283520.0,0,0,0,0
9.56,7892.1,56.9,1.2,238288.0,1,0,0,0
15.02,7075.4,157.2,1.87,291157.0,0,1,1,0
11.43,6072.6,70.7,1.22,395508.0,1,0,0,0
10.62,5021.7,116.2,1.16,352637.0,1,0,0,0
10.19,5439.0,128.9,1.19,319060.0,1,1,0,0
16.78,3448.3,77.2,0.47,243034.0,0,0,0,0
12.43,7272.4,128.2,1.0,336245.0,0,1,0,0
17.83,2446.0,119.5,0.94,153484.0,0,0,0,0
12.66,8072.7,150.3,1.09,261073.0,0,1,0,0
9.73,7391.0,80.0,1.0,323778.0,1,0,0,0
11.21,7940.8,53.9,1.12,335532.0,1,0,0,0
17.09,5933.6,78.8,0.81,330241.0,0,0,0,0
13.61,16730.6,101.7,0.98,302112.0,0,0,0,1
12.63,11580.3,96.9,0.4,265321.0,0,0,0,1
14.4,3766.4,82.4,0.81,320348.0,0,0,0,0
15.25,8198.6,40.0,1.58,208535.0,0,0,1,0
16.79,5676.0,110.1,1.09,216649.0,0,0,0,0
17.62,4456.6,158.1,0.94,284630.0,0,1,0,0
13.1,3479.8,109.9,1.8,292990.0,0,0,1,0
10.68,8796.7,114.5,0.34,143079.0,1,0,0,0
12.97,5455.9,113.3,0.45,314136.0,0,0,0,0
14.65,10403.5,107.7,1.72,337955.0,0,0,1,0
11.59,10481.3,124.8,0.97,274204.0,1,0,0,0
11.61,11621.7,107.7,0.84,458085.0,1,0,0,1
14.86,4942.8,85.0,0.41,228780.0,0,0,0,0
13.88,8926.1,69.5,1.15,252918.0,0,0,0,0
14.08,9397.4,87.0,1.2,250370.0,0,0,0,0
12.1,6077.5,105.1,0.46,274286.0,0,0,0,0
13.42,5184.7,84.9,0.89,255346.0,0,0,0,0
11.69,12328.6,105.1,0.8,174489.0,1,0,0,1
16.23,8182.5,109.1,1.07,239009.0,0,0,0,0
16.59,9407.9,121.7,0.45,272678.0,0,0,0,0
9.38,5033.8,136.0,1.51,372143.0,1,1,1,0
11.68,3842.1,97.5,1.36,445168.0,1,0,1,0
10.26,5791.7,53.2,0.79,380161.0,1,0,0,0
12.37,7127.9,84.0,0.85,221847.0,0,0,0,0
13.79,4307.3,96.4,0.89,227814.0,0,0,0,0
10.38,7470.5,40.0,0.6,268050.0,1,0,0,0
11.7,2434.5,139.4,0.75,413842.0,1,1,0,0
11.49,4139.9,99.6,0.83,267593.0,1,0,0,0
14.52,9512.7,107.2,1.68,180437.0,0,0,1,0
14.17,9311.4,138.7,1.38,242412.0,0,1,1,0
12.2,6324.4,74.8,1.37,336779.0,0,0,1,0
14.44,4446.7,113.4,1.12,331746.0,0,0,0,0
12.63,4417.8,91.5,0.45,264984.0,0,0,0,0
13.32,6380.2,89.1,0.93,331256.0,0,0,0,0
18.18,9433.6,70.3,1.39,109512.0,0,0,1,0
17.35,10284.7,148.3,0.38,287787.0,0,1,0,0
10.75,6010.4,83.0,1.24,344551.0,1,0,0,0
16.07,4039.5,117.4,2.0,217535.0,0,0,1,0
16.03,8303.5,40.0,1.43,217275.0,0,0,1,0
11.13,5029.4,132.8,1.59,140016.0,1,1,1,0
16.05,5945.2,128.7,1.05,399242.0,0,1,0,0
17.84,11475.8,98.1,1.39,225988.0,0,0,1,1
11.19,9981.3,87.7,0.63,298078.0,1,0,0,0
11.71,7973.9,107.8,1.31,325294.0,1,0,1,0
16.54,3684.2,168.2,1.24,393405.0,0,1,0,0
14.68,8134.2,40.0,1.08,268458.0,0,0,0,0
15.38,10688.0,120.0,1.54,239543.0,0,0,1,0
14.85,6373.1,65.8,0.71,292980.0,0,0,0,0
14.98,11553.3,94.4,0.87,376306.0,0,0,0,1
10.68,11378.2,87.1,0.99,267237.0,1,0,0,1
16.62,12491.2,81.3,0.49,208385.0,0,0,0,1
16.92,8415.7,94.7,1.05,164443.0,0,0,0,0
13.43,9262.2,58.7,0.2,188403.0,0,0,0,0
13.89,11742.6,127.9,1.42,344829.0,0,1,1,1
10.17,8842.2,40.0,0.97,255953.0,1,0,0,0
15.29,5996.3,112.3,0.72,234436.0,0,0,0,0
15.43,6154.4,84.6,0.57,226302.0,0,0,0,0
13.84,8215.7,57.5,0.84,286378.0,0,0,0,0
16.81,3628.3,101.5,1.26,262041.0,0,0,1,0
13.16,7070.2,45.2,1.2,259515.0,0,0,0,0
15.41,10789.6,96.3,0.63,381199.0,0,0,0,0
11.45,1000.0,49.5,0.57,395351.0,1,0,0,0
13.94,12103.4,109.8,1.25,159248.0,0,0,0,1
13.56,10867.1,65.4,0.62,304569.0,0,0,0,0
14.56,6120.7,80.6,0.98,221735.0,0,0,0,0
13.08,9130.2,104.4,1.01,261381.0,0,0,0,0
13.67,7509.4,70.3,1.09,303196.0,0,0,0,0
16.07,11190.0,93.1,1.34,264046.0,0,0,1,1
12.91,10448.0,46.6,0.38,297284.0,0,0,0,0
9.98,3299.8,115.2,0.2,330473.0,1,0,0,0
18.37,9261.8,151.5,0.69,302093.0,0,1,0,0
17.45,6883.1,184.4,1.76,231487.0,0,1,1,0
10.77,7748.5,97.9,1.86,232810.0,1,0,1,0
15.72,5315.5,120.2,1.77,172022.0,0,0,1,0
12.74,12744.4,40.0,0.86,215956.0,0,0,0,1
14.66,10620.2,143.1,0.2,427155.0,0,1,0,0
14.74,5280.7,119.8,0.2,220600.0,0,0,0,0
13.41,3496.2,79.5,0.67,190497.0,0,0,0,0
12.04,6343.0,134.6,0.86,303995.0,0,1,0,0
12.27,8803.5,86.9,1.54,271723.0,0,0,1,0
11.71,8220.6,80.3,1.34,265331.0,1,0,1,0
11.92,11259.4,110.2,1.05,385678.0,1,0,0,1
13.83,9869.8,61.0,0.55,321185.0,0,0,0,0
12.21,10408.7,127.7,0.52,240251.0,0,1,0,0
15.71,8480.6,61.2,1.06,248164.0,0,0,0,0
17.72,3332.1,61.4,1.26,242306.0,0,0,1,0
12.55,6912.9,65.9,1.13,345605.0,0,0,0,0
14.6,10680.3,119.3,0.48,256889.0,0,0,0,0
15.25,7345.4,75.3,1.24,145513.0,0,0,0,0
15.18,9009.3,51.9,1.14,276376.0,0,0,0,0
14.19,6543.8,75.6,0.47,164723.0,0,0,0,0
15.86,4410.6,94.0,0.6,443817.0,0,0,0,0
15.21,7130.0,57.2,1.26,207575.0,0,0,1,0
10.91,8427.1,58.1,0.84,267860.0,1,0,0,0
16.17,5532.9,162.6,1.67,299365.0,0,1,1,0
16.22,6792.9,67.5,1.18,258351.0,0,0,0,0
12.09,4681.6,84.7,0.73,258248.0,0,0,0,0
14.09,10857.7,83.2,0.95,311637.0,0,0,0,0
15.71,6616.6,81.5,0.98,394466.0,0,0,0,0
13.48,11858.3,114.9,0.62,337563.0,0,0,0,1
16.68,12086.2,125.3,0.54,390889.0,0,1,0,1
19.91,7256.9,85.2,1.27,201504.0,0,0,1,0
12.04,4474.7,55.4,1.33,303802.0,0,0,1,0
10.55,1242.3,135.8,1.22,291643.0,1,1,0,0
14.76,3083.9,91.9,1.63,306332.0,0,0,1,0
15.8,3378.5,150.4,0.71,383217.0,0,1,0,0
13.42,11635.4,40.0,1.7,263441.0,0,0,1,1
17.63,7847.5,101.3,0.54,249587.0,0,0,0,0
10.65,8668.8,156.4,0.49,320049.0,1,1,0,0
15.73,1000.0,83.7,0.2,146635.0,0,0,0,0
12.49,3906.1,87.8,0.75,262236.0,0,0,0,0
18.3,10161.2,104.5,0.72,269935.0,0,0,0,0
18.98,8360.3,77.1,1.19,210973.0,0,0,0,0
12.08,7058.4,85.0,1.06,359279.0,0,0,0,0
12.63,9194.5,84.2,0.41,200332.0,0,0,0,0
16.15,12407.4,74.9,0.77,269810.0,0,0,0,1
13.03,6836.9,134.3,0.78,301987.0,0,1,0,0
13.89,7708.1,109.8,0.2,381509.0,0,0,0,0
14.06,8077.8,103.0,0.51,279208.0,0,0,0,0
9.2,14676.3,120.9,0.6,350212.0,1,0,0,1
13.97,1201.9,86.5,1.6,332545.0,0,0,1,0
12.28,9549.7,70.2,1.04,289259.0,0,0,0,0
12.77,7155.6,75.7,1.25,198286.0,0,0,0,0
17.61,9200.3,95.1,0.28,172406.0,0,0,0,0
10.86,5527.9,61.1,1.49,287988.0,1,0,1,0
16.03,7353.1,79.0,1.54,239298.0,0,0,1,0
13.3,9634.2,78.5,0.2,348945.0,0,0,0,0
13.3,16838.7,163.0,0.63,335939.0,0,1,0,1
15.98,9924.1,40.0,1.17,266154.0,0,0,0,0
14.85,4955.8,89.3,1.24,193172.0,0,0,0,0
